GM,2018-Dec-12,35.23,36.04,35.23,35.68,10324900,nan,1.0,0.0,0.0,0.0,33.8274,0.0
GM,2018-Dec-13,35.96,36.18,35.07,35.11,9001000,0,1.0,0.0,0.0,0.0,33.287,0.0
GM,2018-Dec-14,35,35.7,34.85,35.1,8415300,0,1.0,0.0,0.0,0.0,33.2776,0.0
GM,2018-Dec-17,34.94,35.62,34.46,34.66,10674200,0,1.0,0.0,0.0,0.0,32.8604,0.0
GM,2018-Dec-18,35.02,35.53,34.69,34.9,8492400,0,1.0,0.0,0.0,0.0,33.0879,0.0
GM,2018-Dec-19,35.01,36.2,34.69,34.93,11882000,0,1.0,0.0,0.0,0.0,33.1164,0.0
GM,2018-Dec-20,34.93,35.35,33.84,34.27,14957400,0,1.0,0.0,0.0,0.0,32.4907,0.0
GM,2018-Dec-21,34.23,34.85,32.96,32.98,21381100,0,1.0,0.0,0.0,0.0,31.2676,0.0
GM,2018-Dec-24,32.65,32.94,32.25,32.37,9110200,0,1.0,0.0,0.0,0.0,30.6893,0.0
GM,2018-Dec-26,32.58,33.53,31.46,33.52,12490400,0,1.0,0.0,0.0,0.0,31.7796,0.0
GM,2018-Dec-27,33.07,34,32.39,33.96,13653000,0,1.0,0.0,0.0,0.0,32.1967,0.0
GM,2018-Dec-28,33.95,34.73,33.68,33.92,8678000,0,1.0,0.0,0.0,0.0,32.1588,0.0
GM,2018-Dec-31,34,34.22,32.92,33.45,8455500,0,1.0,0.0,0.0,0.0,31.7132,0.0
GM,2019-Jan-02,32.85,33.81,32.41,33.64,7662300,0,1.0,0.0,0.0,0.0,31.8934,0.0
GM,2019-Jan-03,33.34,33.68,32.2,32.25,11618300,0,1.0,0.0,0.0,0.0,30.5755,0.0
GM,2019-Jan-04,32.8,33.57,32.43,33.33,10784000,0,1.0,0.0,0.0,0.0,31.5995,0.0
GM,2019-Jan-07,33.71,34.97,33.48,34.36,10722300,0,1.0,0.0,0.0,0.0,32.576,0.0
GM,2019-Jan-08,35,35.68,34.49,34.81,10532900,0,1.0,0.0,0.0,0.0,33.0026,0.0
GM,2019-Jan-09,34.96,35.59,34.71,35.18,9917600,0,1.0,0.0,0.0,0.0,33.3534,0.0
GM,2019-Jan-10,35,35.05,34.17,34.73,9143700,0,1.0,0.0,0.0,0.0,32.9268,0.0
GM,2019-Jan-11,36.6,37.97,36.25,37.18,32257100,0,1.0,0.0,0.0,0.0,35.2496,0.0
GM,2019-Jan-14,37.25,38,37.02,37.66,14361100,0,1.0,0.0,0.0,0.0,35.7046,0.0
GM,2019-Jan-15,37.84,37.84,36.8,37.55,11999100,0,1.0,0.0,0.0,0.0,35.6003,0.0
GM,2019-Jan-16,37.48,37.98,37.27,37.67,17427400,0,1.0,0.0,0.0,0.0,35.7141,0.0
GM,2019-Jan-17,37.5,38.3,37.4,38.26,13060500,0,1.0,0.0,0.0,0.0,36.2735,0.0
GM,2019-Jan-18,38.45,38.77,37.84,38.61,10494100,0,1.0,0.0,0.0,0.0,36.6053,0.0
GM,2019-Jan-22,38.28,38.78,37.89,38.15,12134400,0,1.0,0.0,0.0,0.0,36.1692,0.0
GM,2019-Jan-23,38.2,38.36,37.48,37.67,7752800,0,1.0,0.0,0.0,0.0,35.7141,0.0
GM,2019-Jan-24,37.76,38.29,37.66,38.16,7809100,0,1.0,0.0,0.0,0.0,36.1787,0.0
GM,2019-Jan-25,38.65,38.83,38.36,38.64,8842600,0,1.0,0.0,0.0,0.0,36.6338,0.0
GM,2019-Jan-28,38.23,38.6,38.06,38.46,11384400,0,1.0,0.0,0.0,0.0,36.4631,0.0
GM,2019-Jan-29,38.31,38.54,38.09,38.47,5745200,0,1.0,0.0,0.0,0.0,36.4726,0.0
GM,2019-Jan-30,38.5,39.14,38.12,39.09,11033000,0,1.0,0.0,0.0,0.0,37.0604,0.0
GM,2019-Jan-31,38.81,39.05,38.49,39.02,11219300,0,1.0,0.0,0.0,0.0,36.994,0.0
GM,2019-Feb-01,38.91,39.15,38.52,38.78,8040300,0,1.0,0.0,0.0,0.0,36.7665,0.0
GM,2019-Feb-04,38.65,38.94,38.35,38.93,9960000,0,1.0,0.0,0.0,0.0,36.9087,0.0
GM,2019-Feb-05,39.08,39.36,38.73,39.3,12158000,0,1.0,0.0,0.0,0.0,37.2595,0.0
GM,2019-Feb-06,40.17,40.74,39.53,39.91,16883000,0,1.0,0.0,0.0,0.0,37.8378,0.0
GM,2019-Feb-07,39.23,39.41,38.34,38.65,15800700,0,1.0,0.0,0.0,0.0,36.6432,0.0
GM,2019-Feb-08,38.5,38.71,38.01,38.7,8111500,0,1.0,0.0,0.0,0.0,36.6906,0.0
GM,2019-Feb-11,38.31,38.69,38.22,38.63,9364900,0,1.0,0.0,0.0,0.0,36.6243,0.0
GM,2019-Feb-12,38.8,39.32,38.8,39.03,9725800,0,1.0,0.0,0.0,0.0,37.0035,0.0
GM,2019-Feb-13,39.28,39.39,38.82,39,6735900,0,1.0,0.0,0.0,0.0,36.9751,0.0
GM,2019-Feb-14,38.81,39.09,38.71,38.89,7050500,0,1.0,0.0,0.0,0.0,36.8708,0.0
GM,2019-Feb-15,39.06,39.19,38.74,39.09,8582300,0,1.0,0.0,0.0,0.0,37.0604,0.0
GM,2019-Feb-19,38.98,39.68,38.91,39.53,9122200,0,1.0,0.0,0.0,0.0,37.4775,0.0
GM,2019-Feb-20,39.64,40.1,39.52,39.95,9794800,0,1.0,0.0,0.0,0.0,37.8757,0.0
GM,2019-Feb-21,40,40.2,39.54,39.62,7436000,0,1.0,0.0,0.0,0.0,37.5629,0.0
GM,2019-Feb-22,39.84,40.01,39.44,39.99,6742300,0,1.0,0.0,0.0,0.0,37.9137,0.0
GM,2019-Feb-25,40.25,40.46,40.09,40.14,9252300,0,1.0,0.0,0.0,0.0,38.0559,0.0
GM,2019-Feb-26,39.91,40.36,39.83,40.11,7611600,0,1.0,0.0,0.0,0.0,38.0274,0.0
GM,2019-Feb-27,40.09,40.16,39.78,40,8671900,0,1.0,0.0,0.0,0.0,37.9231,0.0
GM,2019-Feb-28,39.82,39.91,39.2,39.48,9053400,0,1.0,0.0,0.0,0.0,37.4301,0.0
GM,2019-Mar-01,39.85,39.97,39.05,39.53,7706200,0,1.0,0.0,0.0,0.0,37.4775,0.0
GM,2019-Mar-04,39.7,41.5,39.03,39.25,7524500,0,1.0,0.0,0.0,0.0,37.2121,0.0
GM,2019-Mar-05,39.28,39.42,39.02,39.28,4866200,0,1.0,0.0,0.0,0.0,37.2405,0.0
GM,2019-Mar-06,39.24,39.29,38.49,38.67,9413300,0,1.0,0.0,0.0,0.0,36.6622,0.0
GM,2019-Mar-07,38.1,38.34,37.64,38.04,8999800,0.38,1.0,0.0,0.0,0.0,36.4228,0.0
GM,2019-Mar-08,37.63,38.04,37.5,37.99,6911000,0,1.0,0.0,0.0,0.0,36.375,0.0
GM,2019-Mar-11,38.08,38.79,38,38.62,12218800,0,1.0,0.0,0.0,0.0,36.9782,0.0
GM,2019-Mar-12,38.7,39.03,38.5,38.62,6633600,0,1.0,0.0,0.0,0.0,36.9782,0.0
GM,2019-Mar-13,38.74,39.03,38.6,38.8,7334100,0,1.0,0.0,0.0,0.0,37.1505,0.0
GM,2019-Mar-14,38.76,38.82,37.94,38.03,8692900,0,1.0,0.0,0.0,0.0,36.4132,0.0
GM,2019-Mar-15,38.04,38.29,37.88,38.07,16854700,0,1.0,0.0,0.0,0.0,36.4515,0.0
GM,2019-Mar-18,38.18,38.24,37.62,37.98,7583800,0,1.0,0.0,0.0,0.0,36.3654,0.0
GM,2019-Mar-19,38.31,38.75,38.04,38.27,9003300,0,1.0,0.0,0.0,0.0,36.643,0.0
GM,2019-Mar-20,37.74,37.94,36.78,37,11680000,0,1.0,0.0,0.0,0.0,35.427,0.0
GM,2019-Mar-21,37,37.38,36.78,37.35,8168100,0,1.0,0.0,0.0,0.0,35.7622,0.0
GM,2019-Mar-22,37.09,37.3,36.28,36.44,10049500,0,1.0,0.0,0.0,0.0,34.8908,0.0
GM,2019-Mar-25,36.48,37.03,36.26,36.75,6922200,0,1.0,0.0,0.0,0.0,35.1877,0.0
GM,2019-Mar-26,36.93,36.98,36.56,36.87,6867200,0,1.0,0.0,0.0,0.0,35.3026,0.0
GM,2019-Mar-27,36.92,37.24,36.47,36.61,7006500,0,1.0,0.0,0.0,0.0,35.0536,0.0
GM,2019-Mar-28,36.7,37.23,36.66,37.06,5591300,0,1.0,0.0,0.0,0.0,35.4845,0.0
GM,2019-Mar-29,37.31,37.4,36.92,37.1,9432600,0,1.0,0.0,0.0,0.0,35.5228,0.0
GM,2019-Apr-01,37.4,37.82,37.33,37.76,7145600,0,1.0,0.0,0.0,0.0,36.1547,0.0
GM,2019-Apr-02,37.83,38.01,37.61,37.81,5667100,0,1.0,0.0,0.0,0.0,36.2026,0.0
GM,2019-Apr-03,38.25,38.64,38.23,38.39,9029200,0,1.0,0.0,0.0,0.0,36.7579,0.0
GM,2019-Apr-04,38.4,38.94,38.39,38.79,7116100,0,1.0,0.0,0.0,0.0,37.1409,0.0
GM,2019-Apr-05,38.85,39.01,38.58,38.94,4497800,0,1.0,0.0,0.0,0.0,37.2846,0.0
GM,2019-Apr-08,38.77,39.09,38.76,39.06,5992400,0,1.0,0.0,0.0,0.0,37.3995,0.0
GM,2019-Apr-09,38.85,39.08,38.7,38.86,6528900,0,1.0,0.0,0.0,0.0,37.208,0.0
GM,2019-Apr-10,38.89,39.42,38.78,39.25,5471100,0,1.0,0.0,0.0,0.0,37.5814,0.0
GM,2019-Apr-11,39.38,39.59,39.13,39.33,4581500,0,1.0,0.0,0.0,0.0,37.658,0.0
GM,2019-Apr-12,39.6,40.05,39.53,39.71,4949700,0,1.0,0.0,0.0,0.0,38.0218,0.0
GM,2019-Apr-15,39.9,40.01,39.35,39.57,5179400,0,1.0,0.0,0.0,0.0,37.8878,0.0
GM,2019-Apr-16,39.56,39.91,39.46,39.66,5985300,0,1.0,0.0,0.0,0.0,37.974,0.0
GM,2019-Apr-17,40.1,40.26,39.88,39.99,8643500,0,1.0,0.0,0.0,0.0,38.2899,0.0
GM,2019-Apr-18,40,40.45,39.98,40.3,10678000,0,1.0,0.0,0.0,0.0,38.5867,0.0
GM,2019-Apr-22,40,40.1,39.49,39.5,7203800,0,1.0,0.0,0.0,0.0,37.8208,0.0
GM,2019-Apr-23,39.4,39.84,39.18,39.83,9507500,0,1.0,0.0,0.0,0.0,38.1367,0.0
GM,2019-Apr-24,39.51,39.89,39.37,39.72,5564700,0,1.0,0.0,0.0,0.0,38.0314,0.0
GM,2019-Apr-25,39.52,39.72,38.95,39.11,8154600,0,1.0,0.0,0.0,0.0,37.4473,0.0
GM,2019-Apr-26,40.05,40.1,39.44,39.68,11830500,0,1.0,0.0,0.0,0.0,37.9931,0.0
GM,2019-Apr-29,39.75,40.28,39.69,40.01,9601100,0,1.0,0.0,0.0,0.0,38.3091,0.0
GM,2019-Apr-30,38.92,39.47,38.56,38.95,16035500,0,1.0,0.0,0.0,0.0,37.2941,0.0
GM,2019-May-01,39,39.2,38.66,38.75,8843300,0,1.0,0.0,0.0,0.0,37.1026,0.0
GM,2019-May-02,38.46,38.84,38.2,38.25,11291900,0,1.0,0.0,0.0,0.0,36.6239,0.0
GM,2019-May-03,38.54,38.9,38.17,38.8,7201000,0,1.0,0.0,0.0,0.0,37.1505,0.0
GM,2019-May-06,37.5,38.17,37.25,38.09,7506200,0,1.0,0.0,0.0,0.0,36.4707,0.0
GM,2019-May-07,38.86,38.89,38.27,38.53,11257000,0,1.0,0.0,0.0,0.0,36.892,0.0
GM,2019-May-08,38.42,38.78,38.14,38.21,7082900,0,1.0,0.0,0.0,0.0,36.5856,0.0
GM,2019-May-09,37.59,37.67,37.22,37.58,8898600,0,1.0,0.0,0.0,0.0,35.9824,0.0
GM,2019-May-10,37.5,37.98,37.04,37.89,6440600,0,1.0,0.0,0.0,0.0,36.2792,0.0
GM,2019-May-13,36.85,37.12,36.45,36.56,19454800,0,1.0,0.0,0.0,0.0,35.0057,0.0
GM,2019-May-14,36.81,37.39,36.68,37.04,6534600,0,1.0,0.0,0.0,0.0,35.4653,0.0
GM,2019-May-15,36.63,37.56,36.48,37.37,8190400,0,1.0,0.0,0.0,0.0,35.7813,0.0
GM,2019-May-16,37.3,37.62,37.13,37.38,5734600,0,1.0,0.0,0.0,0.0,35.7909,0.0
GM,2019-May-17,37.01,37.36,36.85,37,7970000,0,1.0,0.0,0.0,0.0,35.427,0.0
GM,2019-May-20,36.66,37,36.64,36.97,17521900,0,1.0,0.0,0.0,0.0,35.3983,0.0
GM,2019-May-21,37,37.24,36.73,37.13,8387600,0,1.0,0.0,0.0,0.0,35.5515,0.0
GM,2019-May-22,37,37.05,35.41,35.55,13264100,0,1.0,0.0,0.0,0.0,34.0387,0.0
GM,2019-May-23,35.15,35.18,34.35,35.13,13746200,0,1.0,0.0,0.0,0.0,33.6365,0.0
GM,2019-May-24,35.4,35.42,34.87,35.12,5262500,0,1.0,0.0,0.0,0.0,33.627,0.0
GM,2019-May-28,35.2,35.34,34.71,34.85,7895400,0,1.0,0.0,0.0,0.0,33.3684,0.0
GM,2019-May-29,34.67,34.85,34.32,34.79,12911200,0,1.0,0.0,0.0,0.0,33.311,0.0
GM,2019-May-30,34.76,35.09,34.48,34.82,8550000,0,1.0,0.0,0.0,0.0,33.3397,0.0
GM,2019-May-31,33.3,33.7,33.15,33.34,15779900,0,1.0,0.0,0.0,0.0,31.9226,0.0
GM,2019-Jun-03,33.35,33.83,33.08,33.7,11019400,0,1.0,0.0,0.0,0.0,32.2673,0.0
GM,2019-Jun-04,34.38,35.77,34.3,35.73,12875700,0,1.0,0.0,0.0,0.0,34.211,0.0
GM,2019-Jun-05,36.04,36.14,35.33,35.84,9605600,0,1.0,0.0,0.0,0.0,34.3164,0.0
GM,2019-Jun-06,35.09,35.44,34.46,35.19,9749200,0.38,1.0,0.0,0.0,0.0,34.0551,0.0
GM,2019-Jun-07,35.31,35.55,35.15,35.49,6561000,0,1.0,0.0,0.0,0.0,34.3454,0.0
GM,2019-Jun-10,36.13,36.51,35.89,36.01,8498000,0,1.0,0.0,0.0,0.0,34.8486,0.0
GM,2019-Jun-11,36.36,36.58,36.1,36.2,4652000,0,1.0,0.0,0.0,0.0,35.0325,0.0
GM,2019-Jun-12,36.26,36.26,35.56,35.67,5508100,0,1.0,0.0,0.0,0.0,34.5196,0.0
GM,2019-Jun-13,35.63,36.05,35.41,36.02,3917300,0,1.0,0.0,0.0,0.0,34.8583,0.0
GM,2019-Jun-14,35.88,35.99,35.54,35.66,4953400,0,1.0,0.0,0.0,0.0,34.5099,0.0
GM,2019-Jun-17,35.56,36.18,35.36,36.14,5454900,0,1.0,0.0,0.0,0.0,34.9744,0.0
GM,2019-Jun-18,36.38,36.78,36.14,36.7,8226900,0,1.0,0.0,0.0,0.0,35.5164,0.0
GM,2019-Jun-19,37,37.47,36.75,36.78,10884800,0,1.0,0.0,0.0,0.0,35.5938,0.0
GM,2019-Jun-20,37.15,37.31,36.49,36.96,8639700,0,1.0,0.0,0.0,0.0,35.768,0.0
GM,2019-Jun-21,36.96,37.1,36.65,36.92,13004600,0,1.0,0.0,0.0,0.0,35.7293,0.0
GM,2019-Jun-24,36.83,37.12,36.58,36.96,7449000,0,1.0,0.0,0.0,0.0,35.768,0.0
GM,2019-Jun-25,37.06,37.88,36.74,37.68,12930500,0,1.0,0.0,0.0,0.0,36.4647,0.0
GM,2019-Jun-26,37.82,38.5,37.71,38.13,11911400,0,1.0,0.0,0.0,0.0,36.9002,0.0
GM,2019-Jun-27,38.6,38.99,38.16,38.32,8106600,0,1.0,0.0,0.0,0.0,37.0841,0.0
GM,2019-Jun-28,38.33,38.92,38.33,38.53,11480900,0,1.0,0.0,0.0,0.0,37.2873,0.0
GM,2019-Jul-01,38.93,38.99,38.43,38.75,10240000,0,1.0,0.0,0.0,0.0,37.5002,0.0
GM,2019-Jul-02,38.73,38.75,38.15,38.34,6679300,0,1.0,0.0,0.0,0.0,37.1035,0.0
GM,2019-Jul-03,38.5,38.69,37.99,38.16,4409400,0,1.0,0.0,0.0,0.0,36.9293,0.0
GM,2019-Jul-05,38,38.52,37.74,38.5,4851900,0,1.0,0.0,0.0,0.0,37.2583,0.0
GM,2019-Jul-08,38.41,38.64,38.12,38.23,5787300,0,1.0,0.0,0.0,0.0,36.997,0.0
GM,2019-Jul-09,37.97,38.17,37.58,38.08,6204700,0,1.0,0.0,0.0,0.0,36.8518,0.0
GM,2019-Jul-10,38.35,38.47,37.87,38.1,5153100,0,1.0,0.0,0.0,0.0,36.8712,0.0
GM,2019-Jul-11,38.28,38.58,38.1,38.43,4598400,0,1.0,0.0,0.0,0.0,37.1906,0.0
GM,2019-Jul-12,38.6,39.41,38.52,39.21,7164700,0,1.0,0.0,0.0,0.0,37.9454,0.0
GM,2019-Jul-15,39.21,39.36,38.89,39.36,5448800,0,1.0,0.0,0.0,0.0,38.0906,0.0
GM,2019-Jul-16,38.99,39.7,38.65,39.43,8584800,0,1.0,0.0,0.0,0.0,38.1583,0.0
GM,2019-Jul-17,39.41,39.46,38.82,39.16,5727300,0,1.0,0.0,0.0,0.0,37.897,0.0
GM,2019-Jul-18,38.97,39.28,38.87,39.12,5713800,0,1.0,0.0,0.0,0.0,37.8583,0.0
GM,2019-Jul-19,39.4,39.82,39.24,39.48,8194500,0,1.0,0.0,0.0,0.0,38.2067,0.0
GM,2019-Jul-22,39.96,40.37,39.77,39.86,6812800,0,1.0,0.0,0.0,0.0,38.5744,0.0
GM,2019-Jul-23,40.35,40.92,40.15,40.71,12584300,0,1.0,0.0,0.0,0.0,39.397,0.0
GM,2019-Jul-24,40.59,40.91,40.33,40.88,7318200,0,1.0,0.0,0.0,0.0,39.5615,0.0
GM,2019-Jul-25,40.34,40.82,40.12,40.75,8304800,0,1.0,0.0,0.0,0.0,39.4357,0.0
GM,2019-Jul-26,40.72,41,40.47,40.77,5705900,0,1.0,0.0,0.0,0.0,39.4551,0.0
GM,2019-Jul-29,40.71,40.88,40.56,40.68,5711200,0,1.0,0.0,0.0,0.0,39.368,0.0
GM,2019-Jul-30,40.26,40.56,39.92,40.43,5436900,0,1.0,0.0,0.0,0.0,39.1261,0.0
GM,2019-Jul-31,40.6,40.72,40.11,40.34,10155700,0,1.0,0.0,0.0,0.0,39.039,0.0
GM,2019-Aug-01,41.26,41.9,39.67,40.15,18102900,0,1.0,0.0,0.0,0.0,38.8551,0.0
GM,2019-Aug-02,39.91,40.23,39.59,39.78,9144900,0,1.0,0.0,0.0,0.0,38.497,0.0
GM,2019-Aug-05,39.2,39.28,38.68,39.01,9478000,0,1.0,0.0,0.0,0.0,37.7519,0.0
GM,2019-Aug-06,39.16,39.31,38.65,39.08,7104500,0,1.0,0.0,0.0,0.0,37.8196,0.0
GM,2019-Aug-07,38.69,39.5,38.41,39.39,7924700,0,1.0,0.0,0.0,0.0,38.1196,0.0
GM,2019-Aug-08,39.5,40.2,39.37,40.1,6204200,0,1.0,0.0,0.0,0.0,38.8067,0.0
GM,2019-Aug-09,39.76,39.86,39.3,39.61,6125000,0,1.0,0.0,0.0,0.0,38.3325,0.0
GM,2019-Aug-12,39.23,39.31,38.67,38.86,4130100,0,1.0,0.0,0.0,0.0,37.6067,0.0
GM,2019-Aug-13,38.83,39.63,38.48,39.01,6318700,0,1.0,0.0,0.0,0.0,37.7519,0.0
GM,2019-Aug-14,38.25,38.28,37.05,37.19,9878100,0,1.0,0.0,0.0,0.0,35.9906,0.0
GM,2019-Aug-15,37.17,37.24,36.15,36.47,7904300,0,1.0,0.0,0.0,0.0,35.2938,0.0
GM,2019-Aug-16,36.58,37.1,36.37,37,7171900,0,1.0,0.0,0.0,0.0,35.8067,0.0
GM,2019-Aug-19,37.51,37.6,37.19,37.36,3899900,0,1.0,0.0,0.0,0.0,36.1551,0.0
GM,2019-Aug-20,37.2,37.29,36.92,36.96,4110400,0,1.0,0.0,0.0,0.0,35.768,0.0
GM,2019-Aug-21,37.36,37.36,37.06,37.12,3791800,0,1.0,0.0,0.0,0.0,35.9228,0.0
GM,2019-Aug-22,37.25,37.51,37.05,37.26,4044300,0,1.0,0.0,0.0,0.0,36.0583,0.0
GM,2019-Aug-23,36.61,37.18,35.9,36.06,7834100,0,1.0,0.0,0.0,0.0,34.897,0.0
GM,2019-Aug-26,36.49,36.61,36.01,36.25,4838500,0,1.0,0.0,0.0,0.0,35.0809,0.0
GM,2019-Aug-27,36.47,36.58,35.85,35.89,6221600,0,1.0,0.0,0.0,0.0,34.7325,0.0
GM,2019-Aug-28,35.7,36.57,35.58,36.44,7284600,0,1.0,0.0,0.0,0.0,35.2647,0.0
GM,2019-Aug-29,36.8,37.02,36.73,36.91,5123700,0,1.0,0.0,0.0,0.0,35.7196,0.0
GM,2019-Aug-30,37.25,37.34,36.91,37.09,4599000,0,1.0,0.0,0.0,0.0,35.8938,0.0
GM,2019-Sep-03,36.89,37.01,36.54,36.91,6093900,0,1.0,0.0,0.0,0.0,35.7196,0.0
GM,2019-Sep-04,37.31,38.32,37.24,38.24,8105700,0,1.0,0.0,0.0,0.0,37.0067,0.0
GM,2019-Sep-05,38.62,39.54,38.62,38.73,10747000,0.38,1.0,0.0,0.0,0.0,37.8571,0.0
GM,2019-Sep-06,38.92,38.93,38.52,38.78,5012700,0,1.0,0.0,0.0,0.0,37.906,0.0
GM,2019-Sep-09,39.06,39.78,38.95,39.58,7543800,0,1.0,0.0,0.0,0.0,38.6879,0.0
GM,2019-Sep-10,39.2,39.68,38.84,39.58,7233600,0,1.0,0.0,0.0,0.0,38.6879,0.0
GM,2019-Sep-11,39.4,39.54,38.86,39.46,6991800,0,1.0,0.0,0.0,0.0,38.5706,0.0
GM,2019-Sep-12,39.41,39.49,38.9,39.07,6982100,0,1.0,0.0,0.0,0.0,38.1894,0.0
GM,2019-Sep-13,39.47,39.58,38.78,38.86,10133600,0,1.0,0.0,0.0,0.0,37.9841,0.0
GM,2019-Sep-16,37.97,38.16,36.97,37.21,15650300,0,1.0,0.0,0.0,0.0,36.3713,0.0
GM,2019-Sep-17,37.2,38.42,36.85,38.29,11349200,0,1.0,0.0,0.0,0.0,37.427,0.0
GM,2019-Sep-18,38.15,38.35,37.92,38.18,5949800,0,1.0,0.0,0.0,0.0,37.3195,0.0
GM,2019-Sep-19,38.25,38.35,37.74,37.78,4924600,0,1.0,0.0,0.0,0.0,36.9285,0.0
GM,2019-Sep-20,38.06,38.07,37.29,37.37,18762200,0,1.0,0.0,0.0,0.0,36.5277,0.0
GM,2019-Sep-23,36.79,37.43,36.57,37.24,7044100,0,1.0,0.0,0.0,0.0,36.4007,0.0
GM,2019-Sep-24,37.34,37.49,36.55,36.77,6965500,0,1.0,0.0,0.0,0.0,35.9413,0.0
GM,2019-Sep-25,36.76,37.25,36.44,37.11,8414900,0,1.0,0.0,0.0,0.0,36.2736,0.0
GM,2019-Sep-26,37.36,37.89,37.17,37.61,8301200,0,1.0,0.0,0.0,0.0,36.7623,0.0
GM,2019-Sep-27,37.84,37.97,36.97,37.42,6879500,0,1.0,0.0,0.0,0.0,36.5766,0.0
GM,2019-Sep-30,37.53,37.58,37.01,37.48,7477000,0,1.0,0.0,0.0,0.0,36.6353,0.0
GM,2019-Oct-01,37.47,37.48,36.03,36.11,9991600,0,1.0,0.0,0.0,0.0,35.2961,0.0
GM,2019-Oct-02,35.77,35.77,34.41,34.68,12940100,0,1.0,0.0,0.0,0.0,33.8984,0.0
GM,2019-Oct-03,34.51,34.99,34.16,34.98,12044600,0,1.0,0.0,0.0,0.0,34.1916,0.0
GM,2019-Oct-04,35,35.19,34.58,34.91,7037700,0,1.0,0.0,0.0,0.0,34.1232,0.0
GM,2019-Oct-07,34.6,35.11,34.3,34.75,6640500,0,1.0,0.0,0.0,0.0,33.9668,0.0
GM,2019-Oct-08,34.31,34.47,33.71,33.88,10686900,0,1.0,0.0,0.0,0.0,33.1164,0.0
GM,2019-Oct-09,33.98,34.34,33.79,34.14,6329300,0,1.0,0.0,0.0,0.0,33.3705,0.0
GM,2019-Oct-10,34.45,35.3,34.21,34.66,10914900,0,1.0,0.0,0.0,0.0,33.8788,0.0
GM,2019-Oct-11,35.22,36,35.21,35.57,12177900,0,1.0,0.0,0.0,0.0,34.7683,0.0
GM,2019-Oct-14,35.39,35.56,35.27,35.5,5630700,0,1.0,0.0,0.0,0.0,34.6999,0.0
GM,2019-Oct-15,35.47,36.56,35.17,36.26,10249400,0,1.0,0.0,0.0,0.0,35.4427,0.0
GM,2019-Oct-16,36.49,37.22,36.45,36.65,13294400,0,1.0,0.0,0.0,0.0,35.824,0.0
GM,2019-Oct-17,36.81,36.82,35.87,36.19,8122200,0,1.0,0.0,0.0,0.0,35.3743,0.0
GM,2019-Oct-18,36.09,36.37,36.01,36.17,6858800,0,1.0,0.0,0.0,0.0,35.3548,0.0
GM,2019-Oct-21,36.44,36.72,35.63,35.93,7039300,0,1.0,0.0,0.0,0.0,35.1202,0.0
GM,2019-Oct-22,35.77,36.58,35.56,36.31,6730400,0,1.0,0.0,0.0,0.0,35.4916,0.0
GM,2019-Oct-23,36.25,36.64,35.83,36.61,6413900,0,1.0,0.0,0.0,0.0,35.7849,0.0
GM,2019-Oct-24,36.62,36.77,35.74,35.82,6718800,0,1.0,0.0,0.0,0.0,35.0127,0.0
GM,2019-Oct-25,35.78,36.82,35.76,36.74,8735600,0,1.0,0.0,0.0,0.0,35.9119,0.0
GM,2019-Oct-28,37.21,37.3,36.49,36.64,10645500,0,1.0,0.0,0.0,0.0,35.8142,0.0
GM,2019-Oct-29,37.6,38.7,37.6,38.21,18562500,0,1.0,0.0,0.0,0.0,37.3488,0.0
GM,2019-Oct-30,38.26,38.26,37.42,37.91,7393200,0,1.0,0.0,0.0,0.0,37.0556,0.0
GM,2019-Oct-31,37.62,37.91,36.86,37.16,7652700,0,1.0,0.0,0.0,0.0,36.3225,0.0
GM,2019-Nov-01,37.21,38.07,37.21,37.97,7925000,0,1.0,0.0,0.0,0.0,37.1142,0.0
GM,2019-Nov-04,38.35,38.49,38.22,38.39,7782300,0,1.0,0.0,0.0,0.0,37.5247,0.0
GM,2019-Nov-05,38.61,38.89,38.21,38.23,7317800,0,1.0,0.0,0.0,0.0,37.3684,0.0
GM,2019-Nov-06,38.37,38.48,37.76,38.42,7280900,0,1.0,0.0,0.0,0.0,37.5541,0.0
GM,2019-Nov-07,38.6,38.9,38.46,38.49,8070100,0,1.0,0.0,0.0,0.0,37.6225,0.0
GM,2019-Nov-08,38.42,38.67,37.82,38.67,5913000,0,1.0,0.0,0.0,0.0,37.7984,0.0
GM,2019-Nov-11,38.6,38.8,38.38,38.72,3907400,0,1.0,0.0,0.0,0.0,37.8473,0.0
GM,2019-Nov-12,38.74,38.96,38.36,38.59,12687200,0,1.0,0.0,0.0,0.0,37.7202,0.0
GM,2019-Nov-13,38.4,38.4,37.09,37.19,12447200,0,1.0,0.0,0.0,0.0,36.3518,0.0
GM,2019-Nov-14,37.1,37.45,36.69,36.8,13019300,0,1.0,0.0,0.0,0.0,35.9706,0.0
GM,2019-Nov-15,37,37.11,36.73,36.89,12358900,0,1.0,0.0,0.0,0.0,36.0585,0.0
GM,2019-Nov-18,36.68,36.83,36.39,36.62,9766600,0,1.0,0.0,0.0,0.0,35.7946,0.0
GM,2019-Nov-19,36.67,36.7,36.01,36.38,10534600,0,1.0,0.0,0.0,0.0,35.5601,0.0
GM,2019-Nov-20,36.21,36.26,35.18,35.28,14056200,0,1.0,0.0,0.0,0.0,34.4848,0.0
GM,2019-Nov-21,35.53,35.58,34.59,34.67,14379800,0,1.0,0.0,0.0,0.0,33.8886,0.0
GM,2019-Nov-22,35.27,35.5,34.93,35.33,13566900,0,1.0,0.0,0.0,0.0,34.5337,0.0
GM,2019-Nov-25,35.45,35.89,35.35,35.81,12208000,0,1.0,0.0,0.0,0.0,35.0029,0.0
GM,2019-Nov-26,35.7,35.93,35.51,35.91,8245900,0,1.0,0.0,0.0,0.0,35.1006,0.0
GM,2019-Nov-27,36.01,36.27,35.85,36.14,5838700,0,1.0,0.0,0.0,0.0,35.3255,0.0
GM,2019-Nov-29,36.05,36.13,35.85,36,3927000,0,1.0,0.0,0.0,0.0,35.1886,0.0
GM,2019-Dec-02,36.01,36.36,35.84,35.88,6782000,0,1.0,0.0,0.0,0.0,35.0713,0.0
GM,2019-Dec-03,35.47,35.62,34.96,35.53,8211000,0,1.0,0.0,0.0,0.0,34.7292,0.0
GM,2019-Dec-04,35.74,36.05,35.68,35.8,8962100,0,1.0,0.0,0.0,0.0,34.9931,0.0
GM,2019-Dec-05,35.6,35.65,35.22,35.31,6892800,0.38,1.0,0.0,0.0,0.0,34.8844,0.0
GM,2019-Dec-06,35.64,35.76,35.45,35.54,8404200,0,1.0,0.0,0.0,0.0,35.1117,0.0
GM,2019-Dec-09,35.45,35.59,35.35,35.38,6922700,0,1.0,0.0,0.0,0.0,34.9536,0.0
GM,2019-Dec-10,35.35,35.38,34.96,35.11,7594600,0,1.0,0.0,0.0,0.0,34.6869,0.0
GM,2019-Dec-11,35.13,35.41,35.1,35.24,7754200,0,1.0,0.0,0.0,0.0,34.8153,0.0
GM,2019-Dec-12,35.34,36.29,35.24,36.1,11352800,0,1.0,0.0,0.0,0.0,35.6649,0.0
GM,2019-Dec-13,36.16,36.34,35.61,35.65,8276000,0,1.0,0.0,0.0,0.0,35.2203,0.0
GM,2019-Dec-16,35.82,36.24,35.65,36.11,11233700,0,1.0,0.0,0.0,0.0,35.6748,0.0
GM,2019-Dec-17,36.2,36.39,36.11,36.31,8869800,0,1.0,0.0,0.0,0.0,35.8724,0.0
GM,2019-Dec-18,36.34,37.43,36.33,37.31,12651000,0,1.0,0.0,0.0,0.0,36.8603,0.0
GM,2019-Dec-19,37.31,37.36,36.84,37.26,10774000,0,1.0,0.0,0.0,0.0,36.8109,0.0
GM,2019-Dec-20,37.54,37.62,37.19,37.25,13976100,0,1.0,0.0,0.0,0.0,36.8011,0.0
GM,2019-Dec-23,37.39,37.41,36.63,36.77,8754500,0,1.0,0.0,0.0,0.0,36.3268,0.0
GM,2019-Dec-24,36.73,36.74,36.5,36.58,2924200,0,1.0,0.0,0.0,0.0,36.1391,0.0
GM,2019-Dec-26,36.59,36.6,36.33,36.48,5439700,0,1.0,0.0,0.0,0.0,36.0403,0.0
GM,2019-Dec-27,36.56,36.71,36.43,36.56,5753500,0,1.0,0.0,0.0,0.0,36.1194,0.0
GM,2019-Dec-30,36.5,36.64,36.2,36.44,5353900,0,1.0,0.0,0.0,0.0,36.0008,0.0
GM,2019-Dec-31,36.37,36.74,36.32,36.6,5160200,0,1.0,0.0,0.0,0.0,36.1589,0.0
GM,2020-Jan-02,37,37.38,36.55,37.38,7454400,0,1.0,0.0,0.0,0.0,36.9295,0.0
GM,2020-Jan-03,36.73,36.92,36.11,36.32,9173000,0,1.0,0.0,0.0,0.0,35.8823,0.0
GM,2020-Jan-06,35.95,36.18,35.8,35.84,8408200,0,1.0,0.0,0.0,0.0,35.4081,0.0
GM,2020-Jan-07,35.75,35.84,34.74,35.15,17556800,0,1.0,0.0,0.0,0.0,34.7264,0.0
GM,2020-Jan-08,35.04,35.2,34.41,34.65,13229400,0,1.0,0.0,0.0,0.0,34.2324,0.0
GM,2020-Jan-09,34.99,35.1,34.53,35.08,9610400,0,1.0,0.0,0.0,0.0,34.6572,0.0
GM,2020-Jan-10,35.15,36.45,34.51,34.65,9644900,0,1.0,0.0,0.0,0.0,34.2324,0.0
GM,2020-Jan-13,34.69,35,34.49,34.98,7465700,0,1.0,0.0,0.0,0.0,34.5584,0.0
GM,2020-Jan-14,35,35.35,34.96,35.15,6827100,0,1.0,0.0,0.0,0.0,34.7264,0.0
GM,2020-Jan-15,35,35.32,34.89,35.15,7173900,0,1.0,0.0,0.0,0.0,34.7264,0.0
GM,2020-Jan-16,35.21,35.58,35.15,35.55,7280800,0,1.0,0.0,0.0,0.0,35.1216,0.0
GM,2020-Jan-17,35.57,35.73,35.41,35.6,9871700,0,1.0,0.0,0.0,0.0,35.1709,0.0
GM,2020-Jan-21,35.36,35.55,34.96,34.99,11550500,0,1.0,0.0,0.0,0.0,34.5683,0.0
GM,2020-Jan-22,35.13,35.35,34.86,34.91,7358400,0,1.0,0.0,0.0,0.0,34.4893,0.0
GM,2020-Jan-23,34.77,34.99,34.01,34.88,8595200,0,1.0,0.0,0.0,0.0,34.4596,0.0
GM,2020-Jan-24,34.9,34.99,34.01,34.31,9386600,0,1.0,0.0,0.0,0.0,33.8965,0.0
GM,2020-Jan-27,33.63,33.76,33.17,33.41,10359100,0,1.0,0.0,0.0,0.0,33.0073,0.0
GM,2020-Jan-28,33.57,33.86,33.34,33.64,8871000,0,1.0,0.0,0.0,0.0,33.2346,0.0
GM,2020-Jan-29,33.8,34.04,33.59,33.6,6977700,0,1.0,0.0,0.0,0.0,33.1951,0.0
GM,2020-Jan-30,33.4,33.45,32.97,33.33,11533000,0,1.0,0.0,0.0,0.0,32.9283,0.0
GM,2020-Jan-31,33.25,33.49,33.14,33.39,18631400,0,1.0,0.0,0.0,0.0,32.9876,0.0
GM,2020-Feb-03,33.56,34.34,33.52,33.72,17937100,0,1.0,0.0,0.0,0.0,33.3136,0.0
GM,2020-Feb-04,34.35,34.82,34.2,34.37,14346300,0,1.0,0.0,0.0,0.0,33.9558,0.0
GM,2020-Feb-05,34.9,35.45,34.19,35.03,19050400,0,1.0,0.0,0.0,0.0,34.6078,0.0
GM,2020-Feb-06,35.05,35.1,34.25,34.33,11866300,0,1.0,0.0,0.0,0.0,33.9163,0.0
GM,2020-Feb-07,34.08,34.16,33.42,33.63,14437100,0,1.0,0.0,0.0,0.0,33.2247,0.0
GM,2020-Feb-10,33.99,34.3,33.67,34.25,12260600,0,1.0,0.0,0.0,0.0,33.8372,0.0
GM,2020-Feb-11,34.34,35.26,34.07,35.01,12718600,0,1.0,0.0,0.0,0.0,34.5881,0.0
GM,2020-Feb-12,35.33,35.79,35.13,35.49,12076300,0,1.0,0.0,0.0,0.0,35.0623,0.0
GM,2020-Feb-13,35.21,35.53,35.16,35.29,7578400,0,1.0,0.0,0.0,0.0,34.8647,0.0
GM,2020-Feb-14,35.3,35.39,34.42,34.76,8946000,0,1.0,0.0,0.0,0.0,34.3411,0.0
GM,2020-Feb-18,34.25,34.74,33.96,34.41,10531000,0,1.0,0.0,0.0,0.0,33.9953,0.0
GM,2020-Feb-19,34.53,35.1,34.52,34.92,9079500,0,1.0,0.0,0.0,0.0,34.4991,0.0
GM,2020-Feb-20,34.66,35.4,34.59,35.29,7817900,0,1.0,0.0,0.0,0.0,34.8647,0.0
GM,2020-Feb-21,34.99,35.08,34.41,34.65,8431500,0,1.0,0.0,0.0,0.0,34.2324,0.0
GM,2020-Feb-24,33.64,33.75,32.79,33.09,14743100,0,1.0,0.0,0.0,0.0,32.6912,0.0
GM,2020-Feb-25,33.25,33.28,31.4,31.75,14621900,0,1.0,0.0,0.0,0.0,31.3673,0.0
GM,2020-Feb-26,32.1,32.61,31.89,32,14421900,0,1.0,0.0,0.0,0.0,31.6143,0.0
GM,2020-Feb-27,31.3,31.92,30.55,30.71,14940400,0,1.0,0.0,0.0,0.0,30.3399,0.0
GM,2020-Feb-28,29.78,30.5,29.33,30.5,20832300,0,1.0,0.0,0.0,0.0,30.1324,0.0
GM,2020-Mar-02,30.52,31.45,29.74,31.42,14994600,0,1.0,0.0,0.0,0.0,31.0413,0.0
GM,2020-Mar-03,31.5,32.3,30.26,30.52,15816200,0,1.0,0.0,0.0,0.0,30.1522,0.0
GM,2020-Mar-04,31,31.57,30.36,31.53,16227800,0,1.0,0.0,0.0,0.0,31.15,0.0
GM,2020-Mar-05,30.54,30.77,30.01,30.1,17921300,0.38,1.0,0.0,0.0,0.0,30.1,0.0
GM,2020-Mar-06,29.21,29.54,28.45,28.69,20009500,0,1.0,0.0,0.0,0.0,28.69,0.0
GM,2020-Mar-09,26,26.12,24.15,24.69,28350600,0,1.0,0.0,0.0,0.0,24.69,0.0
GM,2020-Mar-10,25.98,27.14,24.59,27.12,18287700,0,1.0,0.0,0.0,0.0,27.12,0.0
GM,2020-Mar-11,26,26.62,25.76,26,21309700,0,1.0,0.0,0.0,0.0,26,0.0
GM,2020-Mar-12,23.6,24.35,22.5,23.04,20344500,0,1.0,0.0,0.0,0.0,23.04,0.0
GM,2020-Mar-13,24.6,25.33,22.9,24.71,17909800,0,1.0,0.0,0.0,0.0,24.71,0.0
GM,2020-Mar-16,21.51,22.41,21,21,18056800,0,1.0,0.0,0.0,0.0,21,0.0
GM,2020-Mar-17,21.31,21.58,19.5,20.32,23544400,0,1.0,0.0,0.0,0.0,20.32,0.0
GM,2020-Mar-18,18.83,19.05,14.33,16.8,39591100,0,1.0,0.0,0.0,0.0,16.8,0.0
GM,2020-Mar-19,16.34,18.99,15,17.71,34361800,0,1.0,0.0,0.0,0.0,17.71,0.0
GM,2020-Mar-20,18.42,18.96,17.68,18.14,35702000,0,1.0,0.0,0.0,0.0,18.14,0.0
GM,2020-Mar-23,18.01,18.56,17.23,17.6,25419700,0,1.0,0.0,0.0,0.0,17.6,0.0
GM,2020-Mar-24,19.32,21.67,18.6,21.11,24082900,0,1.0,0.0,0.0,0.0,21.11,0.0
GM,2020-Mar-25,23,23.15,21,21.49,27617200,0,1.0,0.0,0.0,0.0,21.49,0.0
GM,2020-Mar-26,21.64,22.97,21.06,22.56,16959000,0,1.0,0.0,0.0,0.0,22.56,0.0
GM,2020-Mar-27,21.37,21.96,20.74,21.38,18349700,0,1.0,0.0,0.0,0.0,21.38,0.0
GM,2020-Mar-30,22.31,22.48,20.63,21.32,18477800,0,1.0,0.0,0.0,0.0,21.32,0.0
GM,2020-Mar-31,20.97,22.21,20.55,20.78,20303000,0,1.0,0.0,0.0,0.0,20.78,0.0
GM,2020-Apr-01,19.5,20.17,18.99,19.26,17467100,0,1.0,0.0,0.0,0.0,19.26,0.0
GM,2020-Apr-02,19.1,19.69,17.79,18.19,17920600,0,1.0,0.0,0.0,0.0,18.19,0.0
GM,2020-Apr-03,18.4,18.78,17.85,18.04,13835500,0,1.0,0.0,0.0,0.0,18.04,0.0
GM,2020-Apr-06,19.1,19.76,18.55,19.55,22442100,0,1.0,0.0,0.0,0.0,19.55,0.0
GM,2020-Apr-07,21.27,22.21,20.71,21.3,30405600,0,1.0,0.0,0.0,0.0,21.3,0.0
GM,2020-Apr-08,21.74,23.6,21.47,23.13,23774400,0,1.0,0.0,0.0,0.0,23.13,0.0
GM,2020-Apr-09,24.16,24.99,23.58,24.06,22490500,0,1.0,0.0,0.0,0.0,24.06,0.0
GM,2020-Apr-13,24.04,24.1,22.72,23.01,14802600,0,1.0,0.0,0.0,0.0,23.01,0.0
GM,2020-Apr-14,23.6,23.77,22.67,22.98,12654700,0,1.0,0.0,0.0,0.0,22.98,0.0
GM,2020-Apr-15,21.92,22.27,21.47,21.66,12760900,0,1.0,0.0,0.0,0.0,21.66,0.0
GM,2020-Apr-16,21.64,21.65,20.56,20.87,11501700,0,1.0,0.0,0.0,0.0,20.87,0.0
GM,2020-Apr-17,21.92,22.54,21.83,22.48,17166300,0,1.0,0.0,0.0,0.0,22.48,0.0
GM,2020-Apr-20,21.72,22.64,21.44,22.38,15912400,0,1.0,0.0,0.0,0.0,22.38,0.0
GM,2020-Apr-21,21.27,21.89,20.98,21.24,13507300,0,1.0,0.0,0.0,0.0,21.24,0.0
GM,2020-Apr-22,21.65,21.78,21.07,21.3,9553600,0,1.0,0.0,0.0,0.0,21.3,0.0
GM,2020-Apr-23,21.55,22.06,21.45,21.52,10673000,0,1.0,0.0,0.0,0.0,21.52,0.0
GM,2020-Apr-24,21.71,22.24,21.54,21.95,11991400,0,1.0,0.0,0.0,0.0,21.95,0.0
GM,2020-Apr-27,21.52,22.57,21.14,22.45,20240600,0,1.0,0.0,0.0,0.0,22.45,0.0
GM,2020-Apr-28,23.18,23.4,22.1,22.18,22085500,0,1.0,0.0,0.0,0.0,22.18,0.0
GM,2020-Apr-29,22.75,24.57,22.68,23.78,23541000,0,1.0,0.0,0.0,0.0,23.78,0.0
GM,2020-Apr-30,23.44,23.44,22.25,22.29,15272400,0,1.0,0.0,0.0,0.0,22.29,0.0
GM,2020-May-01,21.65,21.76,20.8,20.9,17874500,0,1.0,0.0,0.0,0.0,20.9,0.0
GM,2020-May-04,20.45,20.88,20.12,20.75,16188800,0,1.0,0.0,0.0,0.0,20.75,0.0
GM,2020-May-05,21.25,21.97,21.12,21.26,17802300,0,1.0,0.0,0.0,0.0,21.26,0.0
GM,2020-May-06,23.05,23.65,21.83,21.89,34430500,0,1.0,0.0,0.0,0.0,21.89,0.0
GM,2020-May-07,22.18,22.98,22.03,22.44,16977100,0,1.0,0.0,0.0,0.0,22.44,0.0
GM,2020-May-08,23.07,24,23.05,23.93,16562300,0,1.0,0.0,0.0,0.0,23.93,0.0
GM,2020-May-11,23.25,23.39,22.59,22.8,16754000,0,1.0,0.0,0.0,0.0,22.8,0.0
GM,2020-May-12,22.99,23.27,22.55,22.56,12182900,0,1.0,0.0,0.0,0.0,22.56,0.0
GM,2020-May-13,22.44,22.45,21.13,21.46,16832600,0,1.0,0.0,0.0,0.0,21.46,0.0
GM,2020-May-14,20.66,22.34,20.49,22.31,15629100,0,1.0,0.0,0.0,0.0,22.31,0.0
GM,2020-May-15,21.97,22.68,21.83,22.63,14221300,0,1.0,0.0,0.0,0.0,22.63,0.0
GM,2020-May-18,24,25.21,24,24.81,23289200,0,1.0,0.0,0.0,0.0,24.81,0.0
GM,2020-May-19,24.75,25.7,24.29,24.69,18484600,0,1.0,0.0,0.0,0.0,24.69,0.0
GM,2020-May-20,25.31,25.89,25.22,25.48,14056800,0,1.0,0.0,0.0,0.0,25.48,0.0
GM,2020-May-21,25.29,26.02,25.21,25.8,14320700,0,1.0,0.0,0.0,0.0,25.8,0.0
GM,2020-May-22,25.99,26.23,25.22,25.98,14317400,0,1.0,0.0,0.0,0.0,25.98,0.0
GM,2020-May-26,27.82,27.89,27.25,27.4,18870500,0,1.0,0.0,0.0,0.0,27.4,0.0
GM,2020-May-27,28.53,28.83,26.91,27.79,15030700,0,1.0,0.0,0.0,0.0,27.79,0.0
GM,2020-May-28,27.86,27.94,26.6,26.68,11641000,0,1.0,0.0,0.0,0.0,26.68,0.0
GM,2020-May-29,26.35,26.57,25.69,25.88,22223500,0,1.0,0.0,0.0,0.0,25.88,0.0
GM,2020-Jun-01,25.99,27.22,25.91,26.94,10452800,0,1.0,0.0,0.0,0.0,26.94,0.0
GM,2020-Jun-02,27.32,27.62,26.95,27.41,10953800,0,1.0,0.0,0.0,0.0,27.41,0.0
GM,2020-Jun-03,28.42,29.13,28.25,29.07,16860900,0,1.0,0.0,0.0,0.0,29.07,0.0
GM,2020-Jun-04,28.86,29.44,28.52,29.16,16328800,0,1.0,0.0,0.0,0.0,29.16,0.0
GM,2020-Jun-05,31,31.15,29.81,30.61,29418600,0,1.0,0.0,0.0,0.0,30.61,0.0
GM,2020-Jun-08,31.22,31.66,30.6,30.68,15234200,0,1.0,0.0,0.0,0.0,30.68,0.0
GM,2020-Jun-09,29.4,30.22,28.71,29.86,16945500,0,1.0,0.0,0.0,0.0,29.86,0.0
F,2018-Dec-12,8.64,8.73,8.59,8.64,40602700,nan,1.0,0.0,0.0,0.0,7.82798,0.0
F,2018-Dec-13,8.67,8.7,8.46,8.5,34200400,0,1.0,0.0,0.0,0.0,7.70113,0.0
F,2018-Dec-14,8.52,8.68,8.46,8.52,35613300,0,1.0,0.0,0.0,0.0,7.71925,0.0
F,2018-Dec-17,8.48,8.72,8.41,8.5,44469900,0,1.0,0.0,0.0,0.0,7.70113,0.0
F,2018-Dec-18,8.55,8.68,8.41,8.47,38263000,0,1.0,0.0,0.0,0.0,7.67395,0.0
F,2018-Dec-19,8.46,8.65,8.27,8.32,75272900,0,1.0,0.0,0.0,0.0,7.53805,0.0
F,2018-Dec-20,8.33,8.42,8.18,8.26,58926200,0,1.0,0.0,0.0,0.0,7.48369,0.0
F,2018-Dec-21,8.22,8.4,8.04,8.05,57542300,0,1.0,0.0,0.0,0.0,7.29343,0.0
F,2018-Dec-24,8.01,8.01,7.61,7.63,38709500,0,1.0,0.0,0.0,0.0,6.9129,0.0
F,2018-Dec-26,7.73,7.86,7.41,7.85,58810000,0,1.0,0.0,0.0,0.0,7.11222,0.0
F,2018-Dec-27,7.82,7.85,7.53,7.85,49813000,0,1.0,0.0,0.0,0.0,7.11222,0.0
F,2018-Dec-28,7.83,8.04,7.76,7.81,47331700,0,1.0,0.0,0.0,0.0,7.07598,0.0
F,2018-Dec-31,7.85,7.86,7.5,7.65,57816000,0,1.0,0.0,0.0,0.0,6.93102,0.0
F,2019-Jan-02,7.53,8.02,7.48,7.9,47494400,0,1.0,0.0,0.0,0.0,7.15752,0.0
F,2019-Jan-03,7.97,7.99,7.78,7.78,39172400,0,1.0,0.0,0.0,0.0,7.0488,0.0
F,2019-Jan-04,7.91,8.12,7.85,8.08,43039800,0,1.0,0.0,0.0,0.0,7.32061,0.0
F,2019-Jan-07,8.11,8.37,8.03,8.29,40729400,0,1.0,0.0,0.0,0.0,7.51087,0.0
F,2019-Jan-08,8.42,8.54,8.35,8.37,45644000,0,1.0,0.0,0.0,0.0,7.58335,0.0
F,2019-Jan-09,8.45,8.77,8.36,8.72,48404900,0,1.0,0.0,0.0,0.0,7.90046,0.0
F,2019-Jan-10,8.71,8.77,8.45,8.67,39490400,0,1.0,0.0,0.0,0.0,7.85516,0.0
F,2019-Jan-11,8.77,8.93,8.7,8.82,41559900,0,1.0,0.0,0.0,0.0,7.99106,0.0
F,2019-Jan-14,8.8,9.06,8.76,8.99,44833800,0,1.0,0.0,0.0,0.0,8.14508,0.0
F,2019-Jan-15,9.02,9.03,8.75,8.84,65311700,0,1.0,0.0,0.0,0.0,8.00918,0.0
F,2019-Jan-16,8.68,8.77,8.26,8.29,73869900,0,1.0,0.0,0.0,0.0,7.51087,0.0
F,2019-Jan-17,8.27,8.44,8.21,8.36,56722600,0,1.0,0.0,0.0,0.0,7.57429,0.0
F,2019-Jan-18,8.39,8.6,8.33,8.58,51127900,0,1.0,0.0,0.0,0.0,7.77361,0.0
F,2019-Jan-22,8.54,8.61,8.46,8.5,47182600,0,1.0,0.0,0.0,0.0,7.70113,0.0
F,2019-Jan-23,8.54,8.54,8.28,8.34,45196900,0,1.0,0.0,0.0,0.0,7.55617,0.0
F,2019-Jan-24,8.32,8.68,8.22,8.6,79516400,0,1.0,0.0,0.0,0.0,7.79174,0.0
F,2019-Jan-25,8.74,8.96,8.73,8.86,53098800,0,1.0,0.0,0.0,0.0,8.0273,0.0
F,2019-Jan-28,8.8,8.8,8.58,8.66,42116300,0,1.0,0.0,0.0,0.0,7.8461,0.0
F,2019-Jan-29,8.71,8.79,8.62,8.76,30485000,0,1.0,0.0,0.0,0.0,7.9367,0.0
F,2019-Jan-30,8.66,8.72,8.52,8.71,29906100,0.15,1.0,0.0,0.0,0.0,8.02888,0.0
F,2019-Jan-31,8.62,8.82,8.6,8.8,39389100,0,1.0,0.0,0.0,0.0,8.11184,0.0
F,2019-Feb-01,8.77,8.81,8.62,8.72,34124000,0,1.0,0.0,0.0,0.0,8.03809,0.0
F,2019-Feb-04,8.7,8.7,8.59,8.7,28855600,0,1.0,0.0,0.0,0.0,8.01966,0.0
F,2019-Feb-05,8.68,8.76,8.65,8.75,26166800,0,1.0,0.0,0.0,0.0,8.06575,0.0
F,2019-Feb-06,8.79,8.9,8.68,8.72,32644300,0,1.0,0.0,0.0,0.0,8.03809,0.0
F,2019-Feb-07,8.62,8.62,8.29,8.31,55161800,0,1.0,0.0,0.0,0.0,7.66016,0.0
F,2019-Feb-08,8.29,8.41,8.16,8.39,38650100,0,1.0,0.0,0.0,0.0,7.7339,0.0
F,2019-Feb-11,8.41,8.44,8.29,8.33,27403500,0,1.0,0.0,0.0,0.0,7.67859,0.0
F,2019-Feb-12,8.38,8.47,8.38,8.46,26235100,0,1.0,0.0,0.0,0.0,7.79843,0.0
F,2019-Feb-13,8.45,8.66,8.39,8.41,27182900,0,1.0,0.0,0.0,0.0,7.75234,0.0
F,2019-Feb-14,8.38,8.47,8.32,8.42,23569900,0,1.0,0.0,0.0,0.0,7.76156,0.0
F,2019-Feb-15,8.49,8.56,8.41,8.54,58080300,0,1.0,0.0,0.0,0.0,7.87217,0.0
F,2019-Feb-19,8.53,8.85,8.53,8.83,37929200,0,1.0,0.0,0.0,0.0,8.13949,0.0
F,2019-Feb-20,8.83,8.98,8.82,8.94,55316900,0,1.0,0.0,0.0,0.0,8.24089,0.0
F,2019-Feb-21,8.94,8.96,8.7,8.71,44730400,0,1.0,0.0,0.0,0.0,8.02888,0.0
F,2019-Feb-22,8.73,8.75,8.56,8.71,40947500,0,1.0,0.0,0.0,0.0,8.02888,0.0
F,2019-Feb-25,8.77,8.85,8.75,8.76,56615400,0,1.0,0.0,0.0,0.0,8.07497,0.0
F,2019-Feb-26,8.75,8.94,8.72,8.88,38348800,0,1.0,0.0,0.0,0.0,8.18558,0.0
F,2019-Feb-27,8.83,8.91,8.78,8.78,34093300,0,1.0,0.0,0.0,0.0,8.0934,0.0
F,2019-Feb-28,8.77,8.79,8.6,8.77,43960500,0,1.0,0.0,0.0,0.0,8.08419,0.0
F,2019-Mar-01,8.85,8.89,8.71,8.79,37699500,0,1.0,0.0,0.0,0.0,8.10262,0.0
F,2019-Mar-04,8.83,8.97,8.76,8.81,46196900,0,1.0,0.0,0.0,0.0,8.12106,0.0
F,2019-Mar-05,8.8,8.81,8.7,8.77,40852600,0,1.0,0.0,0.0,0.0,8.08419,0.0
F,2019-Mar-06,8.75,8.78,8.56,8.58,50378600,0,1.0,0.0,0.0,0.0,7.90904,0.0
F,2019-Mar-07,8.56,8.57,8.35,8.48,54286000,0,1.0,0.0,0.0,0.0,7.81686,0.0
F,2019-Mar-08,8.4,8.47,8.34,8.42,43766800,0,1.0,0.0,0.0,0.0,7.76156,0.0
F,2019-Mar-11,8.46,8.63,8.45,8.61,36875300,0,1.0,0.0,0.0,0.0,7.9367,0.0
F,2019-Mar-12,8.65,8.7,8.55,8.57,37805000,0,1.0,0.0,0.0,0.0,7.89982,0.0
F,2019-Mar-13,8.59,8.65,8.5,8.53,49018700,0,1.0,0.0,0.0,0.0,7.86295,0.0
F,2019-Mar-14,8.52,8.55,8.4,8.41,36307900,0,1.0,0.0,0.0,0.0,7.75234,0.0
F,2019-Mar-15,8.42,8.47,8.37,8.43,66555500,0,1.0,0.0,0.0,0.0,7.77077,0.0
F,2019-Mar-18,8.45,8.57,8.42,8.57,37198300,0,1.0,0.0,0.0,0.0,7.89982,0.0
F,2019-Mar-19,8.61,8.87,8.61,8.7,57293600,0,1.0,0.0,0.0,0.0,8.01966,0.0
F,2019-Mar-20,8.67,8.67,8.48,8.51,54539700,0,1.0,0.0,0.0,0.0,7.84452,0.0
F,2019-Mar-21,8.5,8.69,8.49,8.69,46843100,0,1.0,0.0,0.0,0.0,8.01044,0.0
F,2019-Mar-22,8.63,8.67,8.52,8.54,41964000,0,1.0,0.0,0.0,0.0,7.87217,0.0
F,2019-Mar-25,8.56,8.65,8.47,8.51,45849500,0,1.0,0.0,0.0,0.0,7.84452,0.0
F,2019-Mar-26,8.54,8.76,8.54,8.76,47852100,0,1.0,0.0,0.0,0.0,8.07497,0.0
F,2019-Mar-27,8.75,8.86,8.62,8.62,39895800,0,1.0,0.0,0.0,0.0,7.94592,0.0
F,2019-Mar-28,8.65,8.83,8.64,8.77,38914700,0.15,1.0,0.0,0.0,0.0,8.22735,0.0
F,2019-Mar-29,8.8,8.89,8.71,8.78,33962800,0,1.0,0.0,0.0,0.0,8.23673,0.0
F,2019-Apr-01,8.86,9,8.86,8.98,45653100,0,1.0,0.0,0.0,0.0,8.42436,0.0
F,2019-Apr-02,8.95,9.03,8.91,9.01,30699400,0,1.0,0.0,0.0,0.0,8.4525,0.0
F,2019-Apr-03,9.07,9.27,9.06,9.13,56663600,0,1.0,0.0,0.0,0.0,8.56508,0.0
F,2019-Apr-04,9.21,9.3,9.18,9.24,39483100,0,1.0,0.0,0.0,0.0,8.66827,0.0
F,2019-Apr-05,9.17,9.27,9.08,9.25,37854700,0,1.0,0.0,0.0,0.0,8.67765,0.0
F,2019-Apr-08,9.18,9.32,9.17,9.3,26221100,0,1.0,0.0,0.0,0.0,8.72456,0.0
F,2019-Apr-09,9.27,9.36,9.17,9.21,29879100,0,1.0,0.0,0.0,0.0,8.64013,0.0
F,2019-Apr-10,9.23,9.35,9.2,9.33,28469500,0,1.0,0.0,0.0,0.0,8.7527,0.0
F,2019-Apr-11,9.35,9.41,9.33,9.39,26488100,0,1.0,0.0,0.0,0.0,8.80899,0.0
F,2019-Apr-12,9.47,9.6,9.44,9.45,38646000,0,1.0,0.0,0.0,0.0,8.86528,0.0
F,2019-Apr-15,9.48,9.5,9.26,9.33,41206700,0,1.0,0.0,0.0,0.0,8.7527,0.0
F,2019-Apr-16,9.32,9.4,9.24,9.36,40950000,0,1.0,0.0,0.0,0.0,8.78085,0.0
F,2019-Apr-17,9.4,9.58,9.39,9.5,30688300,0,1.0,0.0,0.0,0.0,8.91218,0.0
F,2019-Apr-18,9.52,9.62,9.48,9.55,29843000,0,1.0,0.0,0.0,0.0,8.95909,0.0
F,2019-Apr-22,9.58,9.58,9.46,9.5,38718500,0,1.0,0.0,0.0,0.0,8.91218,0.0
F,2019-Apr-23,9.36,9.51,9.3,9.5,39493700,0.15,1.0,0.0,0.0,0.0,9.05516,0.0
F,2019-Apr-24,9.45,9.61,9.4,9.57,39796300,0,1.0,0.0,0.0,0.0,9.12188,0.0
F,2019-Apr-25,9.52,9.53,9.34,9.4,52596700,0,1.0,0.0,0.0,0.0,8.95984,0.0
F,2019-Apr-26,10.03,10.45,9.95,10.41,156136700,0,1.0,0.0,0.0,0.0,9.92255,0.0
F,2019-Apr-29,10.36,10.39,10.07,10.32,62500500,0,1.0,0.0,0.0,0.0,9.83676,0.0
F,2019-Apr-30,10.29,10.5,10.27,10.45,46079300,0,1.0,0.0,0.0,0.0,9.96068,0.0
F,2019-May-01,10.48,10.5,10.29,10.3,41805500,0,1.0,0.0,0.0,0.0,9.8177,0.0
F,2019-May-02,10.3,10.35,10.2,10.34,34508400,0,1.0,0.0,0.0,0.0,9.85583,0.0
F,2019-May-03,10.37,10.45,10.3,10.41,36291200,0,1.0,0.0,0.0,0.0,9.92255,0.0
F,2019-May-06,10.12,10.42,10.12,10.37,28640600,0,1.0,0.0,0.0,0.0,9.88442,0.0
F,2019-May-07,10.33,10.41,10.3,10.38,41154500,0,1.0,0.0,0.0,0.0,9.89395,0.0
F,2019-May-08,10.38,10.45,10.31,10.34,33472200,0,1.0,0.0,0.0,0.0,9.85583,0.0
F,2019-May-09,10.26,10.3,10.07,10.2,43621300,0,1.0,0.0,0.0,0.0,9.72238,0.0
F,2019-May-10,10.32,10.41,10.2,10.38,37629500,0,1.0,0.0,0.0,0.0,9.89395,0.0
F,2019-May-13,10.17,10.26,10.04,10.08,51102100,0,1.0,0.0,0.0,0.0,9.608,0.0
F,2019-May-14,10.15,10.29,10.13,10.24,31297200,0,1.0,0.0,0.0,0.0,9.76051,0.0
F,2019-May-15,10.21,10.4,10.04,10.36,44050200,0,1.0,0.0,0.0,0.0,9.87489,0.0
F,2019-May-16,10.3,10.44,10.3,10.4,32697000,0,1.0,0.0,0.0,0.0,9.91302,0.0
F,2019-May-17,10.32,10.44,10.24,10.29,34565400,0,1.0,0.0,0.0,0.0,9.80817,0.0
F,2019-May-20,10.3,10.3,10.2,10.28,29535900,0,1.0,0.0,0.0,0.0,9.79864,0.0
F,2019-May-21,10.31,10.31,10.15,10.24,30099300,0,1.0,0.0,0.0,0.0,9.76051,0.0
F,2019-May-22,10.17,10.21,9.93,9.97,51407200,0,1.0,0.0,0.0,0.0,9.50315,0.0
F,2019-May-23,9.85,9.85,9.67,9.85,43153800,0,1.0,0.0,0.0,0.0,9.38877,0.0
F,2019-May-24,9.92,9.95,9.8,9.83,22131500,0,1.0,0.0,0.0,0.0,9.36971,0.0
F,2019-May-28,9.87,9.9,9.77,9.78,27656200,0,1.0,0.0,0.0,0.0,9.32205,0.0
F,2019-May-29,9.69,9.75,9.55,9.71,32262600,0,1.0,0.0,0.0,0.0,9.25533,0.0
F,2019-May-30,9.74,9.84,9.68,9.74,24759600,0,1.0,0.0,0.0,0.0,9.28392,0.0
F,2019-May-31,9.48,9.54,9.32,9.52,48250400,0,1.0,0.0,0.0,0.0,9.07422,0.0
F,2019-Jun-03,9.62,9.65,9.46,9.61,39446800,0,1.0,0.0,0.0,0.0,9.16001,0.0
F,2019-Jun-04,9.73,9.95,9.72,9.92,37324100,0,1.0,0.0,0.0,0.0,9.45549,0.0
F,2019-Jun-05,9.87,9.92,9.65,9.78,42464800,0,1.0,0.0,0.0,0.0,9.32205,0.0
F,2019-Jun-06,9.72,9.82,9.66,9.75,28291100,0,1.0,0.0,0.0,0.0,9.29345,0.0
F,2019-Jun-07,9.76,9.82,9.7,9.76,18848700,0,1.0,0.0,0.0,0.0,9.30299,0.0
F,2019-Jun-10,9.89,10.03,9.76,9.82,33883400,0,1.0,0.0,0.0,0.0,9.36018,0.0
F,2019-Jun-11,9.87,9.98,9.79,9.92,26434200,0,1.0,0.0,0.0,0.0,9.45549,0.0
F,2019-Jun-12,9.9,9.93,9.84,9.85,21727500,0,1.0,0.0,0.0,0.0,9.38877,0.0
F,2019-Jun-13,9.87,10.06,9.8,10.06,25555900,0,1.0,0.0,0.0,0.0,9.58894,0.0
F,2019-Jun-14,10.01,10.04,9.94,9.98,21553200,0,1.0,0.0,0.0,0.0,9.51268,0.0
F,2019-Jun-17,9.99,10.09,9.94,10.05,19383800,0,1.0,0.0,0.0,0.0,9.5794,0.0
F,2019-Jun-18,10.08,10.2,10.05,10.1,32591700,0,1.0,0.0,0.0,0.0,9.62706,0.0
F,2019-Jun-19,10.15,10.18,10.03,10.04,29051300,0,1.0,0.0,0.0,0.0,9.56987,0.0
F,2019-Jun-20,10.13,10.15,9.95,10.04,32086500,0,1.0,0.0,0.0,0.0,9.56987,0.0
F,2019-Jun-21,10.03,10.05,9.91,9.99,47904000,0,1.0,0.0,0.0,0.0,9.52221,0.0
F,2019-Jun-24,9.95,10.02,9.93,9.95,28091200,0,1.0,0.0,0.0,0.0,9.48409,0.0
F,2019-Jun-25,9.97,9.99,9.83,9.84,28682000,0,1.0,0.0,0.0,0.0,9.37924,0.0
F,2019-Jun-26,9.87,9.96,9.82,9.91,33739100,0,1.0,0.0,0.0,0.0,9.44596,0.0
F,2019-Jun-27,10.04,10.24,10,10.2,42954600,0,1.0,0.0,0.0,0.0,9.72238,0.0
F,2019-Jun-28,10.2,10.31,10.2,10.23,37551600,0,1.0,0.0,0.0,0.0,9.75098,0.0
F,2019-Jul-01,10.34,10.43,10.07,10.15,38537000,0,1.0,0.0,0.0,0.0,9.67472,0.0
F,2019-Jul-02,10.15,10.21,10.04,10.12,29708000,0,1.0,0.0,0.0,0.0,9.64613,0.0
F,2019-Jul-03,10.18,10.3,10.13,10.2,19326600,0,1.0,0.0,0.0,0.0,9.72238,0.0
F,2019-Jul-05,10.18,10.27,10.09,10.2,21397900,0,1.0,0.0,0.0,0.0,9.72238,0.0
F,2019-Jul-08,10.2,10.26,10.18,10.2,23244100,0,1.0,0.0,0.0,0.0,9.72238,0.0
F,2019-Jul-09,10.17,10.19,10.1,10.14,25140600,0,1.0,0.0,0.0,0.0,9.66519,0.0
F,2019-Jul-10,10.19,10.26,10.11,10.11,29082200,0,1.0,0.0,0.0,0.0,9.6366,0.0
F,2019-Jul-11,10.15,10.2,10.11,10.19,27667500,0,1.0,0.0,0.0,0.0,9.71285,0.0
F,2019-Jul-12,10.24,10.5,10.24,10.49,40761600,0,1.0,0.0,0.0,0.0,9.9988,0.0
F,2019-Jul-15,10.49,10.56,10.34,10.42,33753500,0,1.0,0.0,0.0,0.0,9.93208,0.0
F,2019-Jul-16,10.37,10.51,10.29,10.51,29530500,0,1.0,0.0,0.0,0.0,10.0179,0.0
F,2019-Jul-17,10.48,10.5,10.31,10.33,25204400,0,1.0,0.0,0.0,0.0,9.84629,0.0
F,2019-Jul-18,10.3,10.31,10.18,10.26,25828900,0,1.0,0.0,0.0,0.0,9.77957,0.0
F,2019-Jul-19,10.3,10.32,10.2,10.2,38505600,0,1.0,0.0,0.0,0.0,9.72238,0.0
F,2019-Jul-22,10.13,10.17,10,10.02,36238600,0.15,1.0,0.0,0.0,0.0,9.69336,0.0
F,2019-Jul-23,10.13,10.22,10.06,10.17,74624800,0,1.0,0.0,0.0,0.0,9.83847,0.0
F,2019-Jul-24,10.18,10.35,10.14,10.33,61107500,0,1.0,0.0,0.0,0.0,9.99325,0.0
F,2019-Jul-25,9.75,9.78,9.4,9.56,133898600,0,1.0,0.0,0.0,0.0,9.24836,0.0
F,2019-Jul-26,9.58,9.65,9.51,9.57,47710200,0,1.0,0.0,0.0,0.0,9.25803,0.0
F,2019-Jul-29,9.6,9.68,9.52,9.6,36487800,0,1.0,0.0,0.0,0.0,9.28705,0.0
F,2019-Jul-30,9.56,9.58,9.48,9.55,36944700,0,1.0,0.0,0.0,0.0,9.23868,0.0
F,2019-Jul-31,9.57,9.58,9.4,9.53,56715500,0,1.0,0.0,0.0,0.0,9.21933,0.0
F,2019-Aug-01,9.53,9.59,9.28,9.31,58060800,0,1.0,0.0,0.0,0.0,9.00651,0.0
F,2019-Aug-02,9.26,9.34,9.21,9.28,41495200,0,1.0,0.0,0.0,0.0,8.97748,0.0
F,2019-Aug-05,9.18,9.27,9.06,9.23,47963400,0,1.0,0.0,0.0,0.0,8.92911,0.0
F,2019-Aug-06,9.42,9.51,9.36,9.48,51856100,0,1.0,0.0,0.0,0.0,9.17096,0.0
F,2019-Aug-07,9.43,9.56,9.32,9.53,43042400,0,1.0,0.0,0.0,0.0,9.21933,0.0
F,2019-Aug-08,9.56,9.62,9.51,9.56,25469000,0,1.0,0.0,0.0,0.0,9.24836,0.0
F,2019-Aug-09,9.54,9.58,9.39,9.45,38739700,0,1.0,0.0,0.0,0.0,9.14194,0.0
F,2019-Aug-12,9.39,9.43,9.28,9.29,21978800,0,1.0,0.0,0.0,0.0,8.98716,0.0
F,2019-Aug-13,9.29,9.42,9.18,9.26,28231500,0,1.0,0.0,0.0,0.0,8.95814,0.0
F,2019-Aug-14,9.13,9.15,8.96,9,45967400,0,1.0,0.0,0.0,0.0,8.70661,0.0
F,2019-Aug-15,9.06,9.06,8.78,8.86,40682800,0,1.0,0.0,0.0,0.0,8.57117,0.0
F,2019-Aug-16,8.92,9,8.81,8.96,27369900,0,1.0,0.0,0.0,0.0,8.66791,0.0
F,2019-Aug-19,9.05,9.1,9.02,9.03,21844000,0,1.0,0.0,0.0,0.0,8.73563,0.0
F,2019-Aug-20,9,9.07,8.93,8.96,25108600,0,1.0,0.0,0.0,0.0,8.66791,0.0
F,2019-Aug-21,9.02,9.05,8.97,9.04,20434800,0,1.0,0.0,0.0,0.0,8.74531,0.0
F,2019-Aug-22,9.05,9.14,9.02,9.04,20974700,0,1.0,0.0,0.0,0.0,8.74531,0.0
F,2019-Aug-23,8.9,8.99,8.73,8.77,44982300,0,1.0,0.0,0.0,0.0,8.48411,0.0
F,2019-Aug-26,8.88,8.91,8.79,8.82,31888200,0,1.0,0.0,0.0,0.0,8.53248,0.0
F,2019-Aug-27,8.89,8.91,8.75,8.76,23024400,0,1.0,0.0,0.0,0.0,8.47443,0.0
F,2019-Aug-28,8.72,9.04,8.7,9,35147300,0,1.0,0.0,0.0,0.0,8.70661,0.0
F,2019-Aug-29,9.1,9.14,9.03,9.12,22011000,0,1.0,0.0,0.0,0.0,8.8227,0.0
F,2019-Aug-30,9.16,9.23,9.1,9.17,32057900,0,1.0,0.0,0.0,0.0,8.87107,0.0
F,2019-Sep-03,9.18,9.2,9.04,9.1,26331000,0,1.0,0.0,0.0,0.0,8.80335,0.0
F,2019-Sep-04,9.17,9.23,9.07,9.2,27406400,0,1.0,0.0,0.0,0.0,8.90009,0.0
F,2019-Sep-05,9.25,9.4,9.25,9.34,36626800,0,1.0,0.0,0.0,0.0,9.03553,0.0
F,2019-Sep-06,9.37,9.41,9.2,9.34,29210100,0,1.0,0.0,0.0,0.0,9.03553,0.0
F,2019-Sep-09,9.39,9.65,9.39,9.54,48059400,0,1.0,0.0,0.0,0.0,9.22901,0.0
F,2019-Sep-10,9.08,9.42,9.04,9.42,70567300,0,1.0,0.0,0.0,0.0,9.11292,0.0
F,2019-Sep-11,9.29,9.43,9.29,9.42,34190300,0,1.0,0.0,0.0,0.0,9.11292,0.0
F,2019-Sep-12,9.36,9.48,9.32,9.41,35687700,0,1.0,0.0,0.0,0.0,9.10325,0.0
F,2019-Sep-13,9.47,9.59,9.44,9.45,27161300,0,1.0,0.0,0.0,0.0,9.14194,0.0
F,2019-Sep-16,9.36,9.45,9.24,9.3,50052600,0,1.0,0.0,0.0,0.0,8.99683,0.0
F,2019-Sep-17,9.27,9.31,9.18,9.28,27391200,0,1.0,0.0,0.0,0.0,8.97748,0.0
F,2019-Sep-18,9.26,9.36,9.22,9.25,24309400,0,1.0,0.0,0.0,0.0,8.94846,0.0
F,2019-Sep-19,9.31,9.33,9.1,9.1,28780700,0,1.0,0.0,0.0,0.0,8.80335,0.0
F,2019-Sep-20,9.13,9.3,9.11,9.17,37491300,0,1.0,0.0,0.0,0.0,8.87107,0.0
F,2019-Sep-23,9.13,9.23,9.08,9.16,22051100,0,1.0,0.0,0.0,0.0,8.86139,0.0
F,2019-Sep-24,9.19,9.23,9.05,9.11,33092500,0,1.0,0.0,0.0,0.0,8.81302,0.0
F,2019-Sep-25,9.1,9.23,9.09,9.2,20510300,0,1.0,0.0,0.0,0.0,8.90009,0.0
F,2019-Sep-26,9.23,9.23,9.07,9.14,26556300,0,1.0,0.0,0.0,0.0,8.84205,0.0
F,2019-Sep-27,9.14,9.6,9.06,9.08,32459500,0,1.0,0.0,0.0,0.0,8.784,0.0
F,2019-Sep-30,9.11,9.21,9.1,9.16,21510000,0,1.0,0.0,0.0,0.0,8.86139,0.0
F,2019-Oct-01,9.19,9.24,8.87,8.9,39559500,0,1.0,0.0,0.0,0.0,8.60987,0.0
F,2019-Oct-02,8.85,8.86,8.44,8.61,68137000,0,1.0,0.0,0.0,0.0,8.32932,0.0
F,2019-Oct-03,8.55,8.71,8.45,8.71,40827900,0,1.0,0.0,0.0,0.0,8.42606,0.0
F,2019-Oct-04,8.72,8.76,8.66,8.74,27827400,0,1.0,0.0,0.0,0.0,8.45509,0.0
F,2019-Oct-07,8.7,8.79,8.61,8.68,29340400,0,1.0,0.0,0.0,0.0,8.39704,0.0
F,2019-Oct-08,8.65,8.66,8.5,8.54,31091200,0,1.0,0.0,0.0,0.0,8.26161,0.0
F,2019-Oct-09,8.61,8.64,8.56,8.56,16898500,0,1.0,0.0,0.0,0.0,8.28096,0.0
F,2019-Oct-10,8.58,8.65,8.52,8.62,28069600,0,1.0,0.0,0.0,0.0,8.339,0.0
F,2019-Oct-11,8.73,8.87,8.73,8.78,34175700,0,1.0,0.0,0.0,0.0,8.49378,0.0
F,2019-Oct-14,8.82,8.84,8.76,8.82,24794500,0,1.0,0.0,0.0,0.0,8.53248,0.0
F,2019-Oct-15,8.84,9.1,8.78,9.07,29771700,0,1.0,0.0,0.0,0.0,8.77433,0.0
F,2019-Oct-16,9.11,9.19,9.06,9.07,27190300,0,1.0,0.0,0.0,0.0,8.77433,0.0
F,2019-Oct-17,9.12,9.14,9.03,9.11,28361200,0,1.0,0.0,0.0,0.0,8.81302,0.0
F,2019-Oct-18,9.09,9.32,9.09,9.29,42422900,0,1.0,0.0,0.0,0.0,8.98716,0.0
F,2019-Oct-21,9.19,9.24,9.01,9.03,33610200,0.15,1.0,0.0,0.0,0.0,8.879,0.0
F,2019-Oct-22,9.01,9.14,8.96,9.07,35878500,0,1.0,0.0,0.0,0.0,8.91833,0.0
F,2019-Oct-23,9.01,9.21,8.97,9.21,44770400,0,1.0,0.0,0.0,0.0,9.05599,0.0
F,2019-Oct-24,8.87,8.89,8.55,8.6,120395200,0,1.0,0.0,0.0,0.0,8.45619,0.0
F,2019-Oct-25,8.67,8.75,8.62,8.72,51373600,0,1.0,0.0,0.0,0.0,8.57418,0.0
F,2019-Oct-28,8.76,8.76,8.58,8.61,39635300,0,1.0,0.0,0.0,0.0,8.46602,0.0
F,2019-Oct-29,8.59,8.71,8.59,8.64,36771800,0,1.0,0.0,0.0,0.0,8.49552,0.0
F,2019-Oct-30,8.64,8.64,8.52,8.54,28685300,0,1.0,0.0,0.0,0.0,8.39719,0.0
F,2019-Oct-31,8.58,8.6,8.5,8.59,29124100,0,1.0,0.0,0.0,0.0,8.44635,0.0
F,2019-Nov-01,8.64,8.93,8.64,8.89,55354900,0,1.0,0.0,0.0,0.0,8.74134,0.0
F,2019-Nov-04,8.93,9.05,8.93,9,46716500,0,1.0,0.0,0.0,0.0,8.8495,0.0
F,2019-Nov-05,9.02,9.15,9,9.02,37569700,0,1.0,0.0,0.0,0.0,8.86916,0.0
F,2019-Nov-06,9.05,9.05,8.89,8.92,39497700,0,1.0,0.0,0.0,0.0,8.77084,0.0
F,2019-Nov-07,8.96,9.01,8.88,8.89,32640400,0,1.0,0.0,0.0,0.0,8.74134,0.0
F,2019-Nov-08,8.9,9.04,8.82,9.04,29476800,0,1.0,0.0,0.0,0.0,8.88883,0.0
F,2019-Nov-11,8.95,9.1,8.94,9.08,24846600,0,1.0,0.0,0.0,0.0,8.92816,0.0
F,2019-Nov-12,9.06,9.13,9.04,9.04,28703900,0,1.0,0.0,0.0,0.0,8.88883,0.0
F,2019-Nov-13,9,9,8.8,8.81,34491200,0,1.0,0.0,0.0,0.0,8.66268,0.0
F,2019-Nov-14,8.85,8.91,8.78,8.79,26527800,0,1.0,0.0,0.0,0.0,8.64301,0.0
F,2019-Nov-15,8.85,8.96,8.85,8.95,26416300,0,1.0,0.0,0.0,0.0,8.80033,0.0
F,2019-Nov-18,9.05,9.05,8.89,8.95,38291400,0,1.0,0.0,0.0,0.0,8.80033,0.0
F,2019-Nov-19,8.99,9,8.87,8.9,31168900,0,1.0,0.0,0.0,0.0,8.75117,0.0
F,2019-Nov-20,8.88,8.89,8.68,8.73,38271500,0,1.0,0.0,0.0,0.0,8.58401,0.0
F,2019-Nov-21,8.77,8.79,8.67,8.71,33161400,0,1.0,0.0,0.0,0.0,8.56435,0.0
F,2019-Nov-22,8.8,8.9,8.77,8.89,34966700,0,1.0,0.0,0.0,0.0,8.74134,0.0
F,2019-Nov-25,8.9,9.01,8.87,9,30580900,0,1.0,0.0,0.0,0.0,8.8495,0.0
F,2019-Nov-26,8.98,9.02,8.91,9.01,30093800,0,1.0,0.0,0.0,0.0,8.85933,0.0
F,2019-Nov-27,9.03,9.15,9.02,9.1,37396100,0,1.0,0.0,0.0,0.0,8.94783,0.0
F,2019-Nov-29,9.04,9.1,9.03,9.06,13096200,0,1.0,0.0,0.0,0.0,8.9085,0.0
F,2019-Dec-02,9.08,9.14,9,9.01,37232700,0,1.0,0.0,0.0,0.0,8.85933,0.0
F,2019-Dec-03,8.95,8.95,8.8,8.89,40653100,0,1.0,0.0,0.0,0.0,8.74134,0.0
F,2019-Dec-04,8.95,9.03,8.94,8.95,29982900,0,1.0,0.0,0.0,0.0,8.80033,0.0
F,2019-Dec-05,8.97,9,8.88,8.93,25768600,0,1.0,0.0,0.0,0.0,8.78067,0.0
F,2019-Dec-06,8.96,9.07,8.95,9.02,31086900,0,1.0,0.0,0.0,0.0,8.86916,0.0
F,2019-Dec-09,8.97,9.07,8.96,9.01,21772900,0,1.0,0.0,0.0,0.0,8.85933,0.0
F,2019-Dec-10,9.02,9.1,8.96,9.07,34217700,0,1.0,0.0,0.0,0.0,8.91833,0.0
F,2019-Dec-11,9.06,9.14,9.06,9.11,33204200,0,1.0,0.0,0.0,0.0,8.95766,0.0
F,2019-Dec-12,9.11,9.36,9.11,9.32,48390900,0,1.0,0.0,0.0,0.0,9.16415,0.0
F,2019-Dec-13,9.32,9.39,9.19,9.23,35334500,0,1.0,0.0,0.0,0.0,9.07565,0.0
F,2019-Dec-16,9.24,9.39,9.22,9.39,42337600,0,1.0,0.0,0.0,0.0,9.23298,0.0
F,2019-Dec-17,9.38,9.41,9.31,9.39,35503900,0,1.0,0.0,0.0,0.0,9.23298,0.0
F,2019-Dec-18,9.39,9.57,9.36,9.54,45905300,0,1.0,0.0,0.0,0.0,9.38047,0.0
F,2019-Dec-19,9.55,9.57,9.38,9.41,42236000,0,1.0,0.0,0.0,0.0,9.25264,0.0
F,2019-Dec-20,9.5,9.54,9.44,9.48,50191200,0,1.0,0.0,0.0,0.0,9.32147,0.0
F,2019-Dec-23,9.5,9.57,9.4,9.44,54784400,0,1.0,0.0,0.0,0.0,9.28214,0.0
F,2019-Dec-24,9.44,9.49,9.43,9.47,11881600,0,1.0,0.0,0.0,0.0,9.31164,0.0
F,2019-Dec-26,9.47,9.49,9.43,9.45,28961300,0,1.0,0.0,0.0,0.0,9.29197,0.0
F,2019-Dec-27,9.45,9.46,9.35,9.36,28272800,0,1.0,0.0,0.0,0.0,9.20348,0.0
F,2019-Dec-30,9.34,9.35,9.23,9.25,36074900,0,1.0,0.0,0.0,0.0,9.09532,0.0
F,2019-Dec-31,9.25,9.33,9.25,9.3,32342100,0,1.0,0.0,0.0,0.0,9.14448,0.0
F,2020-Jan-02,9.29,9.42,9.19,9.42,43425700,0,1.0,0.0,0.0,0.0,9.26248,0.0
F,2020-Jan-03,9.31,9.37,9.15,9.21,45040800,0,1.0,0.0,0.0,0.0,9.05599,0.0
F,2020-Jan-06,9.1,9.17,9.06,9.16,43372300,0,1.0,0.0,0.0,0.0,9.00682,0.0
F,2020-Jan-07,9.2,9.25,9.12,9.25,44984100,0,1.0,0.0,0.0,0.0,9.09532,0.0
F,2020-Jan-08,9.23,9.3,9.17,9.25,45994900,0,1.0,0.0,0.0,0.0,9.09532,0.0
F,2020-Jan-09,9.3,9.31,9.18,9.26,51817400,0,1.0,0.0,0.0,0.0,9.10515,0.0
F,2020-Jan-10,9.27,9.36,9.25,9.25,39796300,0,1.0,0.0,0.0,0.0,9.09532,0.0
F,2020-Jan-13,9.25,9.26,9.11,9.24,48553700,0,1.0,0.0,0.0,0.0,9.08548,0.0
F,2020-Jan-14,9.22,9.33,9.21,9.29,42935600,0,1.0,0.0,0.0,0.0,9.13465,0.0
F,2020-Jan-15,9.27,9.3,9.18,9.19,55923900,0,1.0,0.0,0.0,0.0,9.03632,0.0
F,2020-Jan-16,9.23,9.28,9.15,9.17,44310400,0,1.0,0.0,0.0,0.0,9.01666,0.0
F,2020-Jan-17,9.19,9.23,9.13,9.16,41644900,0,1.0,0.0,0.0,0.0,9.00682,0.0
F,2020-Jan-21,9.15,9.22,9.1,9.21,49556400,0,1.0,0.0,0.0,0.0,9.05599,0.0
F,2020-Jan-22,9.22,9.25,9.15,9.16,39914800,0,1.0,0.0,0.0,0.0,9.00682,0.0
F,2020-Jan-23,9.14,9.16,8.93,9.14,75848700,0,1.0,0.0,0.0,0.0,8.98716,0.0
F,2020-Jan-24,9.11,9.12,8.96,9,68100900,0,1.0,0.0,0.0,0.0,8.8495,0.0
F,2020-Jan-27,8.88,8.96,8.78,8.89,60769300,0,1.0,0.0,0.0,0.0,8.74134,0.0
F,2020-Jan-28,8.94,9,8.86,8.97,85163400,0,1.0,0.0,0.0,0.0,8.82,0.0
F,2020-Jan-29,8.85,8.96,8.84,8.86,59057400,0.15,1.0,0.0,0.0,0.0,8.86,0.0
F,2020-Jan-30,8.81,8.84,8.73,8.84,42827800,0,1.0,0.0,0.0,0.0,8.84,0.0
F,2020-Jan-31,8.78,8.84,8.74,8.82,59813700,0,1.0,0.0,0.0,0.0,8.82,0.0
F,2020-Feb-03,8.85,9.14,8.85,8.98,71432700,0,1.0,0.0,0.0,0.0,8.98,0.0
F,2020-Feb-04,9.08,9.24,9.07,9.18,86196400,0,1.0,0.0,0.0,0.0,9.18,0.0
F,2020-Feb-05,8.41,8.48,8.26,8.31,145792500,0,1.0,0.0,0.0,0.0,8.31,0.0
F,2020-Feb-06,8.37,8.38,8.25,8.25,68823400,0,1.0,0.0,0.0,0.0,8.25,0.0
F,2020-Feb-07,8.21,8.21,8.02,8.11,98256500,0,1.0,0.0,0.0,0.0,8.11,0.0
F,2020-Feb-10,8.15,8.15,8.05,8.06,71834900,0,1.0,0.0,0.0,0.0,8.06,0.0
F,2020-Feb-11,8.1,8.15,8.08,8.1,80164500,0,1.0,0.0,0.0,0.0,8.1,0.0
F,2020-Feb-12,8.14,8.33,8.13,8.24,111536800,0,1.0,0.0,0.0,0.0,8.24,0.0
F,2020-Feb-13,8.21,8.36,8.21,8.25,67648800,0,1.0,0.0,0.0,0.0,8.25,0.0
F,2020-Feb-14,8.27,8.27,8.08,8.1,46359700,0,1.0,0.0,0.0,0.0,8.1,0.0
F,2020-Feb-18,8.12,8.15,8.02,8.06,65094800,0,1.0,0.0,0.0,0.0,8.06,0.0
F,2020-Feb-19,8.06,8.1,8,8,69668200,0,1.0,0.0,0.0,0.0,8,0.0
F,2020-Feb-20,8,8.07,7.99,8.03,52318200,0,1.0,0.0,0.0,0.0,8.03,0.0
F,2020-Feb-21,8.02,8.03,7.89,7.89,58326300,0,1.0,0.0,0.0,0.0,7.89,0.0
F,2020-Feb-24,7.7,7.72,7.55,7.57,110048200,0,1.0,0.0,0.0,0.0,7.57,0.0
F,2020-Feb-25,7.68,7.68,7.22,7.23,108888300,0,1.0,0.0,0.0,0.0,7.23,0.0
F,2020-Feb-26,7.3,7.46,7.21,7.21,92469500,0,1.0,0.0,0.0,0.0,7.21,0.0
F,2020-Feb-27,7.13,7.28,6.92,6.97,118642400,0,1.0,0.0,0.0,0.0,6.97,0.0
F,2020-Feb-28,6.84,6.96,6.67,6.96,116546700,0,1.0,0.0,0.0,0.0,6.96,0.0
F,2020-Mar-02,7.11,7.23,6.88,7.2,96766000,0,1.0,0.0,0.0,0.0,7.2,0.0
F,2020-Mar-03,7.29,7.34,6.89,6.97,97457800,0,1.0,0.0,0.0,0.0,6.97,0.0
F,2020-Mar-04,7.09,7.09,6.92,7.08,70588100,0,1.0,0.0,0.0,0.0,7.08,0.0
F,2020-Mar-05,6.96,6.97,6.71,6.74,78070900,0,1.0,0.0,0.0,0.0,6.74,0.0
F,2020-Mar-06,6.6,6.68,6.4,6.49,109932200,0,1.0,0.0,0.0,0.0,6.49,0.0
F,2020-Mar-09,5.97,6.14,5.87,5.9,103901700,0,1.0,0.0,0.0,0.0,5.9,0.0
F,2020-Mar-10,6.26,6.29,5.8,6.26,101873600,0,1.0,0.0,0.0,0.0,6.26,0.0
F,2020-Mar-11,6.06,6.11,5.88,5.9,98587100,0,1.0,0.0,0.0,0.0,5.9,0.0
F,2020-Mar-12,5.38,5.69,5.2,5.35,89453100,0,1.0,0.0,0.0,0.0,5.35,0.0
F,2020-Mar-13,5.87,5.9,5.12,5.63,125375300,0,1.0,0.0,0.0,0.0,5.63,0.0
F,2020-Mar-16,5.04,5.22,5,5.01,110310900,0,1.0,0.0,0.0,0.0,5.01,0.0
F,2020-Mar-17,5.08,5.14,4.7,5.01,104233500,0,1.0,0.0,0.0,0.0,5.01,0.0
F,2020-Mar-18,4.75,4.84,4.1,4.5,125954700,0,1.0,0.0,0.0,0.0,4.5,0.0
F,2020-Mar-19,4.33,4.58,4.1,4.47,126603800,0,1.0,0.0,0.0,0.0,4.47,0.0
F,2020-Mar-20,4.54,4.75,4.25,4.33,129378600,0,1.0,0.0,0.0,0.0,4.33,0.0
F,2020-Mar-23,4.27,4.52,3.96,4.01,134925000,0,1.0,0.0,0.0,0.0,4.01,0.0
F,2020-Mar-24,4.47,4.99,4.26,4.95,146192100,0,1.0,0.0,0.0,0.0,4.95,0.0
F,2020-Mar-25,5.77,5.87,5.12,5.39,198999400,0,1.0,0.0,0.0,0.0,5.39,0.0
F,2020-Mar-26,5.36,5.65,5.16,5.25,138227600,0,1.0,0.0,0.0,0.0,5.25,0.0
F,2020-Mar-27,5.07,5.3,4.91,5.19,106324000,0,1.0,0.0,0.0,0.0,5.19,0.0
F,2020-Mar-30,5.11,5.12,4.93,5.03,97879700,0,1.0,0.0,0.0,0.0,5.03,0.0
F,2020-Mar-31,5.03,5.19,4.75,4.83,231800800,0,1.0,0.0,0.0,0.0,4.83,0.0
F,2020-Apr-01,4.63,4.77,4.36,4.4,119174500,0,1.0,0.0,0.0,0.0,4.4,0.0
F,2020-Apr-02,4.39,4.57,4.25,4.36,90891700,0,1.0,0.0,0.0,0.0,4.36,0.0
F,2020-Apr-03,4.4,4.42,4.17,4.24,85659900,0,1.0,0.0,0.0,0.0,4.24,0.0
F,2020-Apr-06,4.54,4.67,4.41,4.53,102205300,0,1.0,0.0,0.0,0.0,4.53,0.0
F,2020-Apr-07,4.85,5.03,4.63,4.71,115150400,0,1.0,0.0,0.0,0.0,4.71,0.0
F,2020-Apr-08,4.86,5.09,4.8,5.03,117022200,0,1.0,0.0,0.0,0.0,5.03,0.0
F,2020-Apr-09,5.51,5.75,5.24,5.37,175833700,0,1.0,0.0,0.0,0.0,5.37,0.0
F,2020-Apr-13,5.43,5.43,5.02,5.16,99320000,0,1.0,0.0,0.0,0.0,5.16,0.0
F,2020-Apr-14,5.27,5.44,5.16,5.29,74877000,0,1.0,0.0,0.0,0.0,5.29,0.0
F,2020-Apr-15,5.06,5.14,4.95,5.03,74727700,0,1.0,0.0,0.0,0.0,5.03,0.0
F,2020-Apr-16,5.06,5.07,4.89,4.94,58951200,0,1.0,0.0,0.0,0.0,4.94,0.0
F,2020-Apr-17,5.17,5.28,5.03,5.12,91989300,0,1.0,0.0,0.0,0.0,5.12,0.0
F,2020-Apr-20,5.01,5.09,4.91,4.98,71079400,0,1.0,0.0,0.0,0.0,4.98,0.0
F,2020-Apr-21,4.89,4.92,4.72,4.77,82400200,0,1.0,0.0,0.0,0.0,4.77,0.0
F,2020-Apr-22,4.87,4.89,4.75,4.77,62398600,0,1.0,0.0,0.0,0.0,4.77,0.0
F,2020-Apr-23,4.8,4.98,4.77,4.89,61959800,0,1.0,0.0,0.0,0.0,4.89,0.0
F,2020-Apr-24,4.93,4.96,4.8,4.87,54352500,0,1.0,0.0,0.0,0.0,4.87,0.0
F,2020-Apr-27,4.91,5.19,4.88,5.17,91082800,0,1.0,0.0,0.0,0.0,5.17,0.0
F,2020-Apr-28,5.49,5.54,5.22,5.38,106222800,0,1.0,0.0,0.0,0.0,5.38,0.0
F,2020-Apr-29,5.33,5.5,5.21,5.26,126393000,0,1.0,0.0,0.0,0.0,5.26,0.0
F,2020-Apr-30,5.16,5.24,5.06,5.09,93437900,0,1.0,0.0,0.0,0.0,5.09,0.0
F,2020-May-01,5.02,5.05,4.9,4.92,82660100,0,1.0,0.0,0.0,0.0,4.92,0.0
F,2020-May-04,4.88,4.97,4.77,4.86,84214700,0,1.0,0.0,0.0,0.0,4.86,0.0
F,2020-May-05,4.99,5.09,4.94,4.97,96301300,0,1.0,0.0,0.0,0.0,4.97,0.0
F,2020-May-06,5.05,5.09,4.82,4.87,89390400,0,1.0,0.0,0.0,0.0,4.87,0.0
F,2020-May-07,4.9,4.98,4.85,4.87,67222900,0,1.0,0.0,0.0,0.0,4.87,0.0
F,2020-May-08,4.96,5.25,4.95,5.24,101333800,0,1.0,0.0,0.0,0.0,5.24,0.0
F,2020-May-11,5.18,5.19,5.05,5.12,75734000,0,1.0,0.0,0.0,0.0,5.12,0.0
F,2020-May-12,5.15,5.22,4.97,4.98,70965200,0,1.0,0.0,0.0,0.0,4.98,0.0
F,2020-May-13,5,5.01,4.66,4.72,100192300,0,1.0,0.0,0.0,0.0,4.72,0.0
F,2020-May-14,4.64,4.92,4.52,4.89,108061100,0,1.0,0.0,0.0,0.0,4.89,0.0
F,2020-May-15,4.8,4.94,4.75,4.9,80544700,0,1.0,0.0,0.0,0.0,4.9,0.0
F,2020-May-18,5.12,5.33,5.12,5.31,136241400,0,1.0,0.0,0.0,0.0,5.31,0.0
F,2020-May-19,5.27,5.45,5.15,5.3,94836300,0,1.0,0.0,0.0,0.0,5.3,0.0
F,2020-May-20,5.38,5.54,5.37,5.49,87685400,0,1.0,0.0,0.0,0.0,5.49,0.0
F,2020-May-21,5.45,5.69,5.44,5.63,87098200,0,1.0,0.0,0.0,0.0,5.63,0.0
F,2020-May-22,5.68,5.73,5.5,5.65,76656500,0,1.0,0.0,0.0,0.0,5.65,0.0
F,2020-May-26,5.92,5.99,5.82,5.84,86046300,0,1.0,0.0,0.0,0.0,5.84,0.0
F,2020-May-27,6.01,6.09,5.84,6.03,110413900,0,1.0,0.0,0.0,0.0,6.03,0.0
F,2020-May-28,6.05,6.07,5.81,5.85,76930200,0,1.0,0.0,0.0,0.0,5.85,0.0
F,2020-May-29,5.75,5.8,5.57,5.71,93039200,0,1.0,0.0,0.0,0.0,5.71,0.0
F,2020-Jun-01,5.73,5.88,5.67,5.87,61879700,0,1.0,0.0,0.0,0.0,5.87,0.0
F,2020-Jun-02,5.96,6,5.83,5.9,80046000,0,1.0,0.0,0.0,0.0,5.9,0.0
F,2020-Jun-03,5.99,6.27,5.92,6.19,98876600,0,1.0,0.0,0.0,0.0,6.19,0.0
F,2020-Jun-04,6.2,6.58,6.12,6.57,115798600,0,1.0,0.0,0.0,0.0,6.57,0.0
F,2020-Jun-05,7.24,7.5,7.02,7.34,208648200,0,1.0,0.0,0.0,0.0,7.34,0.0
F,2020-Jun-08,7.53,7.74,7.37,7.53,113169300,0,1.0,0.0,0.0,0.0,7.53,0.0
F,2020-Jun-09,7.22,7.44,7.05,7.24,115749600,0,1.0,0.0,0.0,0.0,7.24,0.0
FCAU,2018-Dec-12,15.96,16.04,15.83,15.85,2860300,nan,1.0,0.0,0.0,0.0,12.6181,0.0
FCAU,2018-Dec-13,16.04,16.05,15.64,15.66,3989700,0,1.0,0.0,0.0,0.0,12.4669,0.0
FCAU,2018-Dec-14,15.65,15.84,15.41,15.47,3767600,0,1.0,0.0,0.0,0.0,12.3156,0.0
FCAU,2018-Dec-17,15.55,15.67,15.32,15.44,3735600,0,1.0,0.0,0.0,0.0,12.2917,0.0
FCAU,2018-Dec-18,15.83,15.88,15.46,15.57,3547600,0,1.0,0.0,0.0,0.0,12.3952,0.0
FCAU,2018-Dec-19,15.94,16.21,15.5,15.63,4172800,0,1.0,0.0,0.0,0.0,12.443,0.0
FCAU,2018-Dec-20,15.56,15.62,15.26,15.35,4275300,0,1.0,0.0,0.0,0.0,12.2201,0.0
FCAU,2018-Dec-21,15.17,15.2,14.72,14.77,4877000,0,1.0,0.0,0.0,0.0,11.7583,0.0
FCAU,2018-Dec-24,14.6,14.74,14.21,14.21,3277100,0,1.0,0.0,0.0,0.0,11.3125,0.0
FCAU,2018-Dec-26,14.35,14.75,14.06,14.73,4515200,0,1.0,0.0,0.0,0.0,11.7265,0.0
FCAU,2018-Dec-27,14.39,14.71,14.11,14.71,5561300,0,1.0,0.0,0.0,0.0,11.7106,0.0
FCAU,2018-Dec-28,14.6,14.69,14.36,14.42,5293900,0,1.0,0.0,0.0,0.0,11.4797,0.0
FCAU,2018-Dec-31,14.6,14.76,14.08,14.46,4306200,0,1.0,0.0,0.0,0.0,11.5115,0.0
FCAU,2019-Jan-02,14.03,14.41,14.01,14.33,5193200,0,1.0,0.0,0.0,0.0,11.408,0.0
FCAU,2019-Jan-03,14.38,14.41,14.06,14.11,3522700,0,1.0,0.0,0.0,0.0,11.2329,0.0
FCAU,2019-Jan-04,14.72,15.05,14.64,14.99,13734800,0,1.0,0.0,0.0,0.0,11.9335,0.0
FCAU,2019-Jan-07,15.05,15.27,14.95,15.18,3399400,0,1.0,0.0,0.0,0.0,12.0847,0.0
FCAU,2019-Jan-08,15.63,15.66,15.29,15.34,3505100,0,1.0,0.0,0.0,0.0,12.2121,0.0
FCAU,2019-Jan-09,15.81,15.97,15.69,15.77,4199500,0,1.0,0.0,0.0,0.0,12.5544,0.0
FCAU,2019-Jan-10,15.82,16.07,15.71,16.01,5255600,0,1.0,0.0,0.0,0.0,12.7455,0.0
FCAU,2019-Jan-11,16.38,16.46,16.24,16.26,6081300,0,1.0,0.0,0.0,0.0,12.9445,0.0
FCAU,2019-Jan-14,16.08,16.28,16.06,16.16,2480300,0,1.0,0.0,0.0,0.0,12.8649,0.0
FCAU,2019-Jan-15,16.37,16.52,16.3,16.44,5674500,0,1.0,0.0,0.0,0.0,13.0878,0.0
FCAU,2019-Jan-16,16.57,16.72,16.51,16.52,5205600,0,1.0,0.0,0.0,0.0,13.1515,0.0
FCAU,2019-Jan-17,16.62,16.7,16.49,16.62,3037300,0,1.0,0.0,0.0,0.0,13.2311,0.0
FCAU,2019-Jan-18,16.81,16.88,16.73,16.78,8993800,0,1.0,0.0,0.0,0.0,13.3585,0.0
FCAU,2019-Jan-22,16.6,16.66,16.4,16.5,4980100,0,1.0,0.0,0.0,0.0,13.1356,0.0
FCAU,2019-Jan-23,16.41,16.48,16.14,16.28,2813500,0,1.0,0.0,0.0,0.0,12.9604,0.0
FCAU,2019-Jan-24,16.32,16.58,16.25,16.49,1648300,0,1.0,0.0,0.0,0.0,13.1276,0.0
FCAU,2019-Jan-25,16.68,16.83,16.66,16.74,2708600,0,1.0,0.0,0.0,0.0,13.3266,0.0
FCAU,2019-Jan-28,16.52,16.67,16.42,16.66,1359600,0,1.0,0.0,0.0,0.0,13.263,0.0
FCAU,2019-Jan-29,16.63,16.7,16.56,16.68,2132900,0,1.0,0.0,0.0,0.0,13.2789,0.0
FCAU,2019-Jan-30,16.78,17.11,16.67,17.07,4833900,0,1.0,0.0,0.0,0.0,13.5894,0.0
FCAU,2019-Jan-31,16.79,17.25,16.77,17.21,5642000,0,1.0,0.0,0.0,0.0,13.7008,0.0
FCAU,2019-Feb-01,17.12,17.33,17.06,17.16,3370900,0,1.0,0.0,0.0,0.0,13.661,0.0
FCAU,2019-Feb-04,16.89,17.12,16.85,17.12,2486700,0,1.0,0.0,0.0,0.0,13.6292,0.0
FCAU,2019-Feb-05,17.22,17.43,17.2,17.32,4453200,0,1.0,0.0,0.0,0.0,13.7884,0.0
FCAU,2019-Feb-06,17.27,17.46,17.27,17.35,5072200,0,1.0,0.0,0.0,0.0,13.8123,0.0
FCAU,2019-Feb-07,15.37,15.44,15.17,15.23,21526600,0,1.0,0.0,0.0,0.0,12.1245,0.0
FCAU,2019-Feb-08,15.02,15.04,14.53,14.93,9202900,0,1.0,0.0,0.0,0.0,11.8857,0.0
FCAU,2019-Feb-11,14.87,14.88,14.49,14.56,5873300,0,1.0,0.0,0.0,0.0,11.5912,0.0
FCAU,2019-Feb-12,14.66,14.73,14.55,14.7,4355300,0,1.0,0.0,0.0,0.0,11.7026,0.0
FCAU,2019-Feb-13,14.87,14.94,14.67,14.67,4842100,0,1.0,0.0,0.0,0.0,11.6787,0.0
FCAU,2019-Feb-14,14.62,14.71,14.54,14.67,3751900,0,1.0,0.0,0.0,0.0,11.6787,0.0
FCAU,2019-Feb-15,14.78,14.8,14.64,14.76,4751200,0,1.0,0.0,0.0,0.0,11.7504,0.0
FCAU,2019-Feb-19,14.63,14.91,14.61,14.83,3280400,0,1.0,0.0,0.0,0.0,11.8061,0.0
FCAU,2019-Feb-20,14.95,15.17,14.94,15.04,3359000,0,1.0,0.0,0.0,0.0,11.9733,0.0
FCAU,2019-Feb-21,14.89,14.94,14.73,14.79,2715000,0,1.0,0.0,0.0,0.0,11.7743,0.0
FCAU,2019-Feb-22,14.9,14.94,14.69,14.79,4431400,0,1.0,0.0,0.0,0.0,11.7743,0.0
FCAU,2019-Feb-25,15.05,15.09,14.93,14.96,3358200,0,1.0,0.0,0.0,0.0,11.9096,0.0
FCAU,2019-Feb-26,14.96,15.04,14.72,14.73,5246400,0,1.0,0.0,0.0,0.0,11.7265,0.0
FCAU,2019-Feb-27,14.88,14.89,14.72,14.83,8913900,0,1.0,0.0,0.0,0.0,11.8061,0.0
FCAU,2019-Feb-28,14.79,14.82,14.69,14.73,4601900,0,1.0,0.0,0.0,0.0,11.7265,0.0
FCAU,2019-Mar-01,14.96,14.98,14.67,14.76,3940200,0,1.0,0.0,0.0,0.0,11.7504,0.0
FCAU,2019-Mar-04,14.62,15.14,14.33,14.49,6467700,0,1.0,0.0,0.0,0.0,11.5354,0.0
FCAU,2019-Mar-05,14.65,14.69,14.55,14.66,3610500,0,1.0,0.0,0.0,0.0,11.6708,0.0
FCAU,2019-Mar-06,15.17,15.29,15.07,15.17,8089800,0,1.0,0.0,0.0,0.0,12.0768,0.0
FCAU,2019-Mar-07,14.85,14.87,14.62,14.68,4706000,0,1.0,0.0,0.0,0.0,11.6867,0.0
FCAU,2019-Mar-08,14.2,14.46,14.16,14.38,5408700,0,1.0,0.0,0.0,0.0,11.4479,0.0
FCAU,2019-Mar-11,14.38,14.54,14.37,14.4,3242000,0,1.0,0.0,0.0,0.0,11.4638,0.0
FCAU,2019-Mar-12,14.47,14.54,14.39,14.49,1851500,0,1.0,0.0,0.0,0.0,11.5354,0.0
FCAU,2019-Mar-13,14.53,14.56,14.19,14.36,4393800,0,1.0,0.0,0.0,0.0,11.4319,0.0
FCAU,2019-Mar-14,14.34,14.37,14.15,14.17,3261300,0,1.0,0.0,0.0,0.0,11.2807,0.0
FCAU,2019-Mar-15,14.33,14.37,14.24,14.34,4750700,0,1.0,0.0,0.0,0.0,11.416,0.0
FCAU,2019-Mar-18,14.45,14.54,14.37,14.53,2212700,0,1.0,0.0,0.0,0.0,11.5673,0.0
FCAU,2019-Mar-19,15.23,15.26,15.04,15.11,7890400,0,1.0,0.0,0.0,0.0,12.029,0.0
FCAU,2019-Mar-20,14.98,14.99,14.69,14.84,6116400,0,1.0,0.0,0.0,0.0,11.8141,0.0
FCAU,2019-Mar-21,14.95,15.01,14.83,15,3418500,0,1.0,0.0,0.0,0.0,11.9414,0.0
FCAU,2019-Mar-22,14.62,15.49,14.36,14.5,8581300,0,1.0,0.0,0.0,0.0,11.5434,0.0
FCAU,2019-Mar-25,14.68,14.86,14.59,14.78,3483400,0,1.0,0.0,0.0,0.0,11.7663,0.0
FCAU,2019-Mar-26,14.77,14.88,14.71,14.84,2206800,0,1.0,0.0,0.0,0.0,11.8141,0.0
FCAU,2019-Mar-27,15.25,15.29,14.98,15.11,5247000,0,1.0,0.0,0.0,0.0,12.029,0.0
FCAU,2019-Mar-28,14.93,15.03,14.77,14.8,2713000,0,1.0,0.0,0.0,0.0,11.7822,0.0
FCAU,2019-Mar-29,14.89,14.95,14.82,14.85,2032700,0,1.0,0.0,0.0,0.0,11.822,0.0
FCAU,2019-Apr-01,15.07,15.27,15.07,15.24,4878700,0,1.0,0.0,0.0,0.0,12.1325,0.0
FCAU,2019-Apr-02,15.45,15.55,15.29,15.42,4521400,0,1.0,0.0,0.0,0.0,12.2758,0.0
FCAU,2019-Apr-03,15.44,15.52,15.3,15.37,3208200,0,1.0,0.0,0.0,0.0,12.236,0.0
FCAU,2019-Apr-04,15.36,15.43,15.26,15.35,2830200,0,1.0,0.0,0.0,0.0,12.2201,0.0
FCAU,2019-Apr-05,15.41,15.48,15.32,15.44,2829000,0,1.0,0.0,0.0,0.0,12.2917,0.0
FCAU,2019-Apr-08,15.75,15.84,15.72,15.78,3036300,0,1.0,0.0,0.0,0.0,12.5624,0.0
FCAU,2019-Apr-09,15.6,15.65,15.49,15.53,3622700,0,1.0,0.0,0.0,0.0,12.3634,0.0
FCAU,2019-Apr-10,15.56,15.73,15.52,15.7,2006100,0,1.0,0.0,0.0,0.0,12.4987,0.0
FCAU,2019-Apr-11,15.72,15.76,15.59,15.66,1396200,0,1.0,0.0,0.0,0.0,12.4669,0.0
FCAU,2019-Apr-12,16.1,16.25,16,16.07,3502100,0,1.0,0.0,0.0,0.0,12.7933,0.0
FCAU,2019-Apr-15,16.12,16.2,16.02,16.18,2397900,0,1.0,0.0,0.0,0.0,12.8808,0.0
FCAU,2019-Apr-16,16.33,16.47,16.3,16.44,2683600,0,1.0,0.0,0.0,0.0,13.0878,0.0
FCAU,2019-Apr-17,16.5,16.69,16.48,16.65,3505200,0,1.0,0.0,0.0,0.0,13.255,0.0
FCAU,2019-Apr-18,16.56,16.62,16.46,16.48,2637300,0,1.0,0.0,0.0,0.0,13.1197,0.0
FCAU,2019-Apr-22,16.5,16.55,16.41,16.52,1619700,0,1.0,0.0,0.0,0.0,13.1515,0.0
FCAU,2019-Apr-23,15.77,15.78,15.67,15.7,2219500,0.732,1.0,0.0,0.0,0.0,13.0782,0.0
FCAU,2019-Apr-24,15.56,15.58,15.42,15.45,1977600,0,1.0,0.0,0.0,0.0,12.8699,0.0
FCAU,2019-Apr-25,15.37,15.39,15.24,15.37,2193800,0,1.0,0.0,0.0,0.0,12.8033,0.0
FCAU,2019-Apr-26,15.4,15.54,15.35,15.52,3094500,0,1.0,0.0,0.0,0.0,12.9283,0.0
FCAU,2019-Apr-29,15.37,15.57,15.37,15.52,1996900,0,1.0,0.0,0.0,0.0,12.9283,0.0
FCAU,2019-Apr-30,15.44,15.53,15.32,15.41,2905800,0,1.0,0.0,0.0,0.0,12.8366,0.0
FCAU,2019-May-01,15.53,15.55,15.03,15.1,3262100,0,1.0,0.0,0.0,0.0,12.5784,0.0
FCAU,2019-May-02,15.16,15.28,14.99,15.04,5519000,0,1.0,0.0,0.0,0.0,12.5284,0.0
FCAU,2019-May-03,15.73,16.03,15.7,15.86,7402900,0,1.0,0.0,0.0,0.0,13.2115,0.0
FCAU,2019-May-06,15.33,15.7,15.31,15.68,3684200,0,1.0,0.0,0.0,0.0,13.0615,0.0
FCAU,2019-May-07,15.45,15.46,15.18,15.23,3728800,0,1.0,0.0,0.0,0.0,12.6867,0.0
FCAU,2019-May-08,15.2,15.31,15.14,15.18,1790900,0,1.0,0.0,0.0,0.0,12.645,0.0
FCAU,2019-May-09,14.69,14.84,14.59,14.76,6344000,0,1.0,0.0,0.0,0.0,12.2952,0.0
FCAU,2019-May-10,14.58,14.76,14.44,14.72,4477600,0,1.0,0.0,0.0,0.0,12.2618,0.0
FCAU,2019-May-13,14.28,14.47,14.24,14.34,3530600,0,1.0,0.0,0.0,0.0,11.9453,0.0
FCAU,2019-May-14,14.41,14.58,14.32,14.48,2892700,0,1.0,0.0,0.0,0.0,12.0619,0.0
FCAU,2019-May-15,14.17,14.81,14.12,14.75,6649800,0,1.0,0.0,0.0,0.0,12.2868,0.0
FCAU,2019-May-16,14.64,14.91,14.59,14.81,7314900,0,1.0,0.0,0.0,0.0,12.3368,0.0
FCAU,2019-May-17,14.72,15,14.7,14.83,6371900,0,1.0,0.0,0.0,0.0,12.3535,0.0
FCAU,2019-May-20,13.21,13.4,13.14,13.37,4897900,1.3,1.0,0.0,0.0,0.0,12.2074,0.0
FCAU,2019-May-21,13.27,13.34,13.18,13.26,3815100,0,1.0,0.0,0.0,0.0,12.107,0.0
FCAU,2019-May-22,13.22,13.26,13.02,13.03,3364300,0,1.0,0.0,0.0,0.0,11.897,0.0
FCAU,2019-May-23,12.75,12.81,12.61,12.73,5029000,0,1.0,0.0,0.0,0.0,11.623,0.0
FCAU,2019-May-24,12.9,12.93,12.82,12.85,3965400,0,1.0,0.0,0.0,0.0,11.7326,0.0
FCAU,2019-May-28,13.89,13.99,13.67,13.78,9642600,0,1.0,0.0,0.0,0.0,12.5817,0.0
FCAU,2019-May-29,13.52,13.61,13.43,13.55,3854600,0,1.0,0.0,0.0,0.0,12.3717,0.0
FCAU,2019-May-30,13.35,13.46,13.31,13.4,2504200,0,1.0,0.0,0.0,0.0,12.2348,0.0
FCAU,2019-May-31,12.73,12.87,12.58,12.62,5583200,0,1.0,0.0,0.0,0.0,11.5226,0.0
FCAU,2019-Jun-03,12.62,12.91,12.62,12.82,5427600,0,1.0,0.0,0.0,0.0,11.7052,0.0
FCAU,2019-Jun-04,13.22,13.38,13.17,13.33,4101900,0,1.0,0.0,0.0,0.0,12.1709,0.0
FCAU,2019-Jun-05,13.19,13.38,13.03,13.19,4385900,0,1.0,0.0,0.0,0.0,12.043,0.0
FCAU,2019-Jun-06,13.17,13.36,13.07,13.3,5435600,0,1.0,0.0,0.0,0.0,12.1435,0.0
FCAU,2019-Jun-07,13.21,13.34,13.16,13.2,3431800,0,1.0,0.0,0.0,0.0,12.0522,0.0
FCAU,2019-Jun-10,13.48,13.55,13.38,13.43,2827800,0,1.0,0.0,0.0,0.0,12.2622,0.0
FCAU,2019-Jun-11,13.61,13.68,13.52,13.53,3281500,0,1.0,0.0,0.0,0.0,12.3535,0.0
FCAU,2019-Jun-12,13.41,13.41,13.28,13.31,1614100,0,1.0,0.0,0.0,0.0,12.1526,0.0
FCAU,2019-Jun-13,13.43,13.47,13.29,13.37,2730800,0,1.0,0.0,0.0,0.0,12.2074,0.0
FCAU,2019-Jun-14,13.32,13.33,13.23,13.27,1808500,0,1.0,0.0,0.0,0.0,12.1161,0.0
FCAU,2019-Jun-17,13.46,13.52,13.38,13.39,2228400,0,1.0,0.0,0.0,0.0,12.2257,0.0
FCAU,2019-Jun-18,13.45,13.58,13.42,13.5,2129000,0,1.0,0.0,0.0,0.0,12.3261,0.0
FCAU,2019-Jun-19,13.63,13.76,13.6,13.64,2602900,0,1.0,0.0,0.0,0.0,12.4539,0.0
FCAU,2019-Jun-20,13.94,14,13.86,14,2613800,0,1.0,0.0,0.0,0.0,12.7826,0.0
FCAU,2019-Jun-21,13.97,14.04,13.83,13.9,1744300,0,1.0,0.0,0.0,0.0,12.6913,0.0
FCAU,2019-Jun-24,13.94,14.05,13.92,13.99,1175000,0,1.0,0.0,0.0,0.0,12.7735,0.0
FCAU,2019-Jun-25,13.88,13.9,13.74,13.77,1691800,0,1.0,0.0,0.0,0.0,12.5726,0.0
FCAU,2019-Jun-26,13.73,13.86,13.73,13.81,3006800,0,1.0,0.0,0.0,0.0,12.6091,0.0
FCAU,2019-Jun-27,13.87,13.95,13.83,13.91,2092600,0,1.0,0.0,0.0,0.0,12.7004,0.0
FCAU,2019-Jun-28,13.92,13.98,13.82,13.82,2733700,0,1.0,0.0,0.0,0.0,12.6183,0.0
FCAU,2019-Jul-01,14.05,14.1,13.86,13.91,2812600,0,1.0,0.0,0.0,0.0,12.7004,0.0
FCAU,2019-Jul-02,13.92,14,13.85,13.99,4016800,0,1.0,0.0,0.0,0.0,12.7735,0.0
FCAU,2019-Jul-03,14.28,14.37,14.21,14.28,1775700,0,1.0,0.0,0.0,0.0,13.0383,0.0
FCAU,2019-Jul-05,14.16,14.24,14.07,14.12,1248400,0,1.0,0.0,0.0,0.0,12.8922,0.0
FCAU,2019-Jul-08,14.17,14.19,13.98,14.01,1838500,0,1.0,0.0,0.0,0.0,12.7917,0.0
FCAU,2019-Jul-09,13.94,13.97,13.9,13.93,2241100,0,1.0,0.0,0.0,0.0,12.7187,0.0
FCAU,2019-Jul-10,14.1,14.11,13.92,14.01,2331000,0,1.0,0.0,0.0,0.0,12.7917,0.0
FCAU,2019-Jul-11,13.95,13.99,13.87,13.95,2339700,0,1.0,0.0,0.0,0.0,12.737,0.0
FCAU,2019-Jul-12,14.16,14.22,14.1,14.13,2299700,0,1.0,0.0,0.0,0.0,12.9013,0.0
FCAU,2019-Jul-15,14.3,14.33,14.12,14.18,2603200,0,1.0,0.0,0.0,0.0,12.947,0.0
FCAU,2019-Jul-16,13.55,13.72,13.46,13.63,5313200,0,1.0,0.0,0.0,0.0,12.4448,0.0
FCAU,2019-Jul-17,13.73,13.75,13.59,13.61,2285100,0,1.0,0.0,0.0,0.0,12.4265,0.0
FCAU,2019-Jul-18,13.7,13.74,13.62,13.66,3056800,0,1.0,0.0,0.0,0.0,12.4722,0.0
FCAU,2019-Jul-19,13.54,13.6,13.37,13.37,3371600,0,1.0,0.0,0.0,0.0,12.2074,0.0
FCAU,2019-Jul-22,13.49,13.51,13.34,13.34,3303800,0,1.0,0.0,0.0,0.0,12.18,0.0
FCAU,2019-Jul-23,13.79,13.87,13.7,13.85,3948400,0,1.0,0.0,0.0,0.0,12.6457,0.0
FCAU,2019-Jul-24,14.09,14.14,14.03,14.12,2660000,0,1.0,0.0,0.0,0.0,12.8922,0.0
FCAU,2019-Jul-25,13.88,13.9,13.68,13.74,3228200,0,1.0,0.0,0.0,0.0,12.5452,0.0
FCAU,2019-Jul-26,13.73,13.75,13.64,13.7,4281400,0,1.0,0.0,0.0,0.0,12.5087,0.0
FCAU,2019-Jul-29,13.59,13.74,13.55,13.64,4253900,0,1.0,0.0,0.0,0.0,12.4539,0.0
FCAU,2019-Jul-30,13.03,13.09,12.76,12.97,8026900,0,1.0,0.0,0.0,0.0,11.8422,0.0
FCAU,2019-Jul-31,13.58,13.62,13.02,13.19,6723700,0,1.0,0.0,0.0,0.0,12.043,0.0
FCAU,2019-Aug-01,13.27,13.4,12.87,13,4108400,0,1.0,0.0,0.0,0.0,11.8696,0.0
FCAU,2019-Aug-02,12.97,13.1,12.92,12.99,3628100,0,1.0,0.0,0.0,0.0,11.8604,0.0
FCAU,2019-Aug-05,13.07,13.09,12.9,12.96,3644400,0,1.0,0.0,0.0,0.0,11.833,0.0
FCAU,2019-Aug-06,13.36,13.38,13.14,13.32,4300400,0,1.0,0.0,0.0,0.0,12.1617,0.0
FCAU,2019-Aug-07,13.14,13.27,13.08,13.22,4658600,0,1.0,0.0,0.0,0.0,12.0704,0.0
FCAU,2019-Aug-08,13.24,13.31,13.16,13.22,2394000,0,1.0,0.0,0.0,0.0,12.0704,0.0
FCAU,2019-Aug-09,13.06,13.1,12.97,13.07,3218700,0,1.0,0.0,0.0,0.0,11.9335,0.0
FCAU,2019-Aug-12,12.98,13.06,12.96,12.99,2048000,0,1.0,0.0,0.0,0.0,11.8604,0.0
FCAU,2019-Aug-13,13.02,13.3,12.98,13.12,2359400,0,1.0,0.0,0.0,0.0,11.9791,0.0
FCAU,2019-Aug-14,12.82,12.85,12.49,12.52,4083100,0,1.0,0.0,0.0,0.0,11.4313,0.0
FCAU,2019-Aug-15,12.54,12.55,12.19,12.3,2941400,0,1.0,0.0,0.0,0.0,11.2304,0.0
FCAU,2019-Aug-16,12.18,12.4,12.11,12.37,2911200,0,1.0,0.0,0.0,0.0,11.2943,0.0
FCAU,2019-Aug-19,12.58,12.6,12.41,12.47,1705300,0,1.0,0.0,0.0,0.0,11.3857,0.0
FCAU,2019-Aug-20,12.37,12.47,12.34,12.36,1344400,0,1.0,0.0,0.0,0.0,11.2852,0.0
FCAU,2019-Aug-21,12.89,12.9,12.7,12.72,3017900,0,1.0,0.0,0.0,0.0,11.6139,0.0
FCAU,2019-Aug-22,12.91,12.94,12.73,12.77,2354300,0,1.0,0.0,0.0,0.0,11.6596,0.0
FCAU,2019-Aug-23,12.63,12.75,12.39,12.43,3320700,0,1.0,0.0,0.0,0.0,11.3491,0.0
FCAU,2019-Aug-26,12.73,12.76,12.63,12.7,2613400,0,1.0,0.0,0.0,0.0,11.5957,0.0
FCAU,2019-Aug-27,12.91,12.93,12.76,12.81,2055300,0,1.0,0.0,0.0,0.0,11.6961,0.0
FCAU,2019-Aug-28,12.76,12.99,12.73,12.97,1361100,0,1.0,0.0,0.0,0.0,11.8422,0.0
FCAU,2019-Aug-29,13.06,13.1,12.93,13.06,1401800,0,1.0,0.0,0.0,0.0,11.9243,0.0
FCAU,2019-Aug-30,13.14,13.16,12.95,13.14,1725300,0,1.0,0.0,0.0,0.0,11.9974,0.0
FCAU,2019-Sep-03,13.13,13.21,13.04,13.2,1927700,0,1.0,0.0,0.0,0.0,12.0522,0.0
FCAU,2019-Sep-04,13.47,13.58,13.38,13.57,2630500,0,1.0,0.0,0.0,0.0,12.39,0.0
FCAU,2019-Sep-05,13.83,13.94,13.83,13.92,3156000,0,1.0,0.0,0.0,0.0,12.7096,0.0
FCAU,2019-Sep-06,14,14.02,13.87,13.88,1844500,0,1.0,0.0,0.0,0.0,12.673,0.0
FCAU,2019-Sep-09,14.06,14.1,14.02,14.06,3231700,0,1.0,0.0,0.0,0.0,12.8374,0.0
FCAU,2019-Sep-10,13.83,13.95,13.79,13.9,3764800,0,1.0,0.0,0.0,0.0,12.6913,0.0
FCAU,2019-Sep-11,13.76,13.81,13.53,13.75,4553700,0,1.0,0.0,0.0,0.0,12.5543,0.0
FCAU,2019-Sep-12,13.76,14.08,13.69,13.91,4423800,0,1.0,0.0,0.0,0.0,12.7004,0.0
FCAU,2019-Sep-13,14.02,14.07,13.85,13.88,2759700,0,1.0,0.0,0.0,0.0,12.673,0.0
FCAU,2019-Sep-16,13.91,13.94,13.76,13.77,1758500,0,1.0,0.0,0.0,0.0,12.5726,0.0
FCAU,2019-Sep-17,13.67,13.76,13.64,13.71,2051200,0,1.0,0.0,0.0,0.0,12.5178,0.0
FCAU,2019-Sep-18,13.77,13.79,13.51,13.71,4341200,0,1.0,0.0,0.0,0.0,12.5178,0.0
FCAU,2019-Sep-19,13.73,13.76,13.62,13.63,1109100,0,1.0,0.0,0.0,0.0,12.4448,0.0
FCAU,2019-Sep-20,13.63,13.63,13.47,13.51,2709200,0,1.0,0.0,0.0,0.0,12.3352,0.0
FCAU,2019-Sep-23,13.27,13.46,13.24,13.4,1337300,0,1.0,0.0,0.0,0.0,12.2348,0.0
FCAU,2019-Sep-24,13.3,13.33,12.95,13,5319800,0,1.0,0.0,0.0,0.0,11.8696,0.0
FCAU,2019-Sep-25,12.86,13.01,12.78,12.98,1796700,0,1.0,0.0,0.0,0.0,11.8513,0.0
FCAU,2019-Sep-26,12.94,13.04,12.9,12.98,1560900,0,1.0,0.0,0.0,0.0,11.8513,0.0
FCAU,2019-Sep-27,12.98,13.01,12.81,12.89,1608200,0,1.0,0.0,0.0,0.0,11.7691,0.0
FCAU,2019-Sep-30,12.89,12.98,12.85,12.95,1234700,0,1.0,0.0,0.0,0.0,11.8239,0.0
FCAU,2019-Oct-01,12.96,13.01,12.73,12.73,2938000,0,1.0,0.0,0.0,0.0,11.623,0.0
FCAU,2019-Oct-02,12.64,12.66,12.46,12.49,4833400,0,1.0,0.0,0.0,0.0,11.4039,0.0
FCAU,2019-Oct-03,12.36,12.48,12.29,12.48,2908800,0,1.0,0.0,0.0,0.0,11.3948,0.0
FCAU,2019-Oct-04,12.39,12.45,12.31,12.43,2005700,0,1.0,0.0,0.0,0.0,11.3491,0.0
FCAU,2019-Oct-07,12.35,12.53,12.33,12.43,1511600,0,1.0,0.0,0.0,0.0,11.3491,0.0
FCAU,2019-Oct-08,12.35,12.37,12.25,12.27,4127400,0,1.0,0.0,0.0,0.0,11.203,0.0
FCAU,2019-Oct-09,12.44,12.48,12.35,12.41,3228700,0,1.0,0.0,0.0,0.0,11.3309,0.0
FCAU,2019-Oct-10,12.65,12.9,12.64,12.75,5106400,0,1.0,0.0,0.0,0.0,11.6413,0.0
FCAU,2019-Oct-11,13.14,13.19,13,13,6133800,0,1.0,0.0,0.0,0.0,11.8696,0.0
FCAU,2019-Oct-14,13.19,13.23,13.07,13.1,4622500,0,1.0,0.0,0.0,0.0,11.9609,0.0
FCAU,2019-Oct-15,13.16,13.4,13.13,13.3,8499800,0,1.0,0.0,0.0,0.0,12.1435,0.0
FCAU,2019-Oct-16,13.52,13.54,13.42,13.47,10555600,0,1.0,0.0,0.0,0.0,12.2987,0.0
FCAU,2019-Oct-17,13.64,13.65,13.09,13.14,8102800,0,1.0,0.0,0.0,0.0,11.9974,0.0
FCAU,2019-Oct-18,13.32,13.33,13.14,13.22,7715900,0,1.0,0.0,0.0,0.0,12.0704,0.0
FCAU,2019-Oct-21,13.55,13.58,13.24,13.33,7349800,0,1.0,0.0,0.0,0.0,12.1709,0.0
FCAU,2019-Oct-22,13.23,13.36,13.17,13.2,8371600,0,1.0,0.0,0.0,0.0,12.0522,0.0
FCAU,2019-Oct-23,13.2,13.23,13.1,13.1,4938200,0,1.0,0.0,0.0,0.0,11.9609,0.0
FCAU,2019-Oct-24,13.17,13.2,13.05,13.17,4485300,0,1.0,0.0,0.0,0.0,12.0248,0.0
FCAU,2019-Oct-25,13.15,13.19,13.07,13.13,6338000,0,1.0,0.0,0.0,0.0,11.9883,0.0
FCAU,2019-Oct-28,13.25,13.28,13.16,13.23,9285800,0,1.0,0.0,0.0,0.0,12.0796,0.0
FCAU,2019-Oct-29,13.17,14.39,12.98,14.23,35258400,0,1.0,0.0,0.0,0.0,12.9926,0.0
FCAU,2019-Oct-30,14.34,15.28,14.12,14.98,42702100,0,1.0,0.0,0.0,0.0,13.6774,0.0
FCAU,2019-Oct-31,15.42,15.67,15.05,15.32,21862800,0,1.0,0.0,0.0,0.0,13.9878,0.0
FCAU,2019-Nov-01,15.83,15.84,15.47,15.74,11370500,0,1.0,0.0,0.0,0.0,14.3713,0.0
FCAU,2019-Nov-04,16.17,16.2,16.01,16.19,14055500,0,1.0,0.0,0.0,0.0,14.7822,0.0
FCAU,2019-Nov-05,15.98,16.08,15.86,15.87,6124000,0,1.0,0.0,0.0,0.0,14.49,0.0
FCAU,2019-Nov-06,15.95,16.04,15.83,15.88,5526800,0,1.0,0.0,0.0,0.0,14.4991,0.0
FCAU,2019-Nov-07,15.99,16.11,15.93,16.01,3170400,0,1.0,0.0,0.0,0.0,14.6178,0.0
FCAU,2019-Nov-08,16.09,16.22,15.93,16.19,3753900,0,1.0,0.0,0.0,0.0,14.7822,0.0
FCAU,2019-Nov-11,16.05,16.19,16.02,16.11,5325100,0,1.0,0.0,0.0,0.0,14.7091,0.0
FCAU,2019-Nov-12,16.24,16.25,15.98,16.06,4734600,0,1.0,0.0,0.0,0.0,14.6635,0.0
FCAU,2019-Nov-13,15.96,16.04,15.88,15.9,2624700,0,1.0,0.0,0.0,0.0,14.5174,0.0
FCAU,2019-Nov-14,15.96,16.05,15.92,15.98,2290700,0,1.0,0.0,0.0,0.0,14.5904,0.0
FCAU,2019-Nov-15,16.05,16.09,15.96,16.03,1966100,0,1.0,0.0,0.0,0.0,14.6361,0.0
FCAU,2019-Nov-18,15.64,15.7,15.52,15.65,2679100,0,1.0,0.0,0.0,0.0,14.2891,0.0
FCAU,2019-Nov-19,15.69,15.74,15.53,15.58,1854400,0,1.0,0.0,0.0,0.0,14.2252,0.0
FCAU,2019-Nov-20,15.45,15.54,14.88,15,8458400,0,1.0,0.0,0.0,0.0,13.6957,0.0
FCAU,2019-Nov-21,15.14,15.16,14.82,14.92,4592300,0,1.0,0.0,0.0,0.0,13.6226,0.0
FCAU,2019-Nov-22,14.91,14.97,14.7,14.8,3659800,0,1.0,0.0,0.0,0.0,13.513,0.0
FCAU,2019-Nov-25,14.91,14.97,14.89,14.93,1745700,0,1.0,0.0,0.0,0.0,13.6317,0.0
FCAU,2019-Nov-26,15,15.01,14.92,14.97,1832000,0,1.0,0.0,0.0,0.0,13.6683,0.0
FCAU,2019-Nov-27,14.97,15.01,14.92,14.96,1299800,0,1.0,0.0,0.0,0.0,13.6591,0.0
FCAU,2019-Nov-29,14.81,14.85,14.71,14.75,1531100,0,1.0,0.0,0.0,0.0,13.4674,0.0
FCAU,2019-Dec-02,14.78,14.82,14.67,14.73,1959300,0,1.0,0.0,0.0,0.0,13.4491,0.0
FCAU,2019-Dec-03,14.57,14.76,14.53,14.75,2864600,0,1.0,0.0,0.0,0.0,13.4674,0.0
FCAU,2019-Dec-04,14.79,15.03,14.58,14.61,3716900,0,1.0,0.0,0.0,0.0,13.3396,0.0
FCAU,2019-Dec-05,14.66,14.79,14.66,14.78,1642800,0,1.0,0.0,0.0,0.0,13.4948,0.0
FCAU,2019-Dec-06,14.75,14.77,14.61,14.63,2279200,0,1.0,0.0,0.0,0.0,13.3578,0.0
FCAU,2019-Dec-09,14.52,14.58,14.49,14.51,1692500,0,1.0,0.0,0.0,0.0,13.2483,0.0
FCAU,2019-Dec-10,14.46,14.54,14.4,14.41,1740600,0,1.0,0.0,0.0,0.0,13.157,0.0
FCAU,2019-Dec-11,14.38,14.41,14.23,14.33,9931600,0,1.0,0.0,0.0,0.0,13.0839,0.0
FCAU,2019-Dec-12,14.49,14.81,14.49,14.7,7216300,0,1.0,0.0,0.0,0.0,13.4217,0.0
FCAU,2019-Dec-13,14.93,15.05,14.78,14.84,3970700,0,1.0,0.0,0.0,0.0,13.5496,0.0
FCAU,2019-Dec-16,14.99,15.15,14.98,15.1,4459300,0,1.0,0.0,0.0,0.0,13.787,0.0
FCAU,2019-Dec-17,15.17,15.43,15.15,15.33,3196800,0,1.0,0.0,0.0,0.0,13.997,0.0
FCAU,2019-Dec-18,15.18,15.29,15.13,15.19,4886600,0,1.0,0.0,0.0,0.0,13.8691,0.0
FCAU,2019-Dec-19,15.16,15.21,15.06,15.14,3867800,0,1.0,0.0,0.0,0.0,13.8235,0.0
FCAU,2019-Dec-20,15.15,15.15,14.95,14.96,3895400,0,1.0,0.0,0.0,0.0,13.6591,0.0
FCAU,2019-Dec-23,14.99,15.05,14.93,14.98,3081800,0,1.0,0.0,0.0,0.0,13.6774,0.0
FCAU,2019-Dec-24,14.95,14.97,14.74,14.79,954900,0,1.0,0.0,0.0,0.0,13.5039,0.0
FCAU,2019-Dec-26,14.8,14.89,14.79,14.84,1228700,0,1.0,0.0,0.0,0.0,13.5496,0.0
FCAU,2019-Dec-27,14.94,15,14.86,14.87,1933900,0,1.0,0.0,0.0,0.0,13.577,0.0
FCAU,2019-Dec-30,14.86,14.91,14.68,14.69,1664200,0,1.0,0.0,0.0,0.0,13.4126,0.0
FCAU,2019-Dec-31,14.65,14.74,14.64,14.69,1477200,0,1.0,0.0,0.0,0.0,13.4126,0.0
FCAU,2020-Jan-02,14.98,15.1,14.91,15.08,3387500,0,1.0,0.0,0.0,0.0,13.7687,0.0
FCAU,2020-Jan-03,14.64,14.67,14.49,14.49,2643100,0,1.0,0.0,0.0,0.0,13.23,0.0
FCAU,2020-Jan-06,14.33,14.46,14.33,14.45,1713200,0,1.0,0.0,0.0,0.0,13.1935,0.0
FCAU,2020-Jan-07,14.46,14.5,14.17,14.19,7549800,0,1.0,0.0,0.0,0.0,12.9561,0.0
FCAU,2020-Jan-08,14.27,14.34,14.19,14.25,2056500,0,1.0,0.0,0.0,0.0,13.0109,0.0
FCAU,2020-Jan-09,14.38,14.38,14.2,14.25,1818700,0,1.0,0.0,0.0,0.0,13.0109,0.0
FCAU,2020-Jan-10,14.34,14.36,14.14,14.15,3207800,0,1.0,0.0,0.0,0.0,12.9196,0.0
FCAU,2020-Jan-13,14.21,14.25,14.14,14.24,2558900,0,1.0,0.0,0.0,0.0,13.0017,0.0
FCAU,2020-Jan-14,14.16,14.19,14.04,14.06,2715000,0,1.0,0.0,0.0,0.0,12.8374,0.0
FCAU,2020-Jan-15,13.91,13.94,13.79,13.81,3019200,0,1.0,0.0,0.0,0.0,12.6091,0.0
FCAU,2020-Jan-16,13.83,13.91,13.79,13.89,3522200,0,1.0,0.0,0.0,0.0,12.6822,0.0
FCAU,2020-Jan-17,13.87,13.88,13.71,13.75,1947900,0,1.0,0.0,0.0,0.0,12.5543,0.0
FCAU,2020-Jan-21,13.79,13.81,13.62,13.65,3950700,0,1.0,0.0,0.0,0.0,12.463,0.0
FCAU,2020-Jan-22,13.6,13.6,13.45,13.46,4326200,0,1.0,0.0,0.0,0.0,12.2896,0.0
FCAU,2020-Jan-23,13.35,13.45,13.24,13.42,3706000,0,1.0,0.0,0.0,0.0,12.253,0.0
FCAU,2020-Jan-24,13.49,13.52,13.27,13.35,3287900,0,1.0,0.0,0.0,0.0,12.1891,0.0
FCAU,2020-Jan-27,13.02,13.13,12.99,13.07,2655500,0,1.0,0.0,0.0,0.0,11.9335,0.0
FCAU,2020-Jan-28,13.2,13.29,13.14,13.28,3364500,0,1.0,0.0,0.0,0.0,12.1252,0.0
FCAU,2020-Jan-29,13.3,13.38,13.24,13.24,4073300,0,1.0,0.0,0.0,0.0,12.0887,0.0
FCAU,2020-Jan-30,13.18,13.28,13.06,13.26,5356500,0,1.0,0.0,0.0,0.0,12.107,0.0
FCAU,2020-Jan-31,13.08,13.08,12.94,13.02,3521800,0,1.0,0.0,0.0,0.0,11.8878,0.0
FCAU,2020-Feb-03,13.03,13.17,12.87,12.88,3539900,0,1.0,0.0,0.0,0.0,11.76,0.0
FCAU,2020-Feb-04,13.39,13.39,13.19,13.21,4352400,0,1.0,0.0,0.0,0.0,12.0613,0.0
FCAU,2020-Feb-05,13.52,13.64,13.42,13.62,4169400,0,1.0,0.0,0.0,0.0,12.4357,0.0
FCAU,2020-Feb-06,13.93,13.93,13.53,13.68,3555000,0,1.0,0.0,0.0,0.0,12.4904,0.0
FCAU,2020-Feb-07,13.28,13.4,13.18,13.19,3497700,0,1.0,0.0,0.0,0.0,12.043,0.0
FCAU,2020-Feb-10,13.11,13.17,13.03,13.13,2420600,0,1.0,0.0,0.0,0.0,11.9883,0.0
FCAU,2020-Feb-11,13.18,13.35,13.17,13.32,3663600,0,1.0,0.0,0.0,0.0,12.1617,0.0
FCAU,2020-Feb-12,13.6,13.75,13.57,13.65,2651600,0,1.0,0.0,0.0,0.0,12.463,0.0
FCAU,2020-Feb-13,13.46,13.51,13.4,13.44,1495800,0,1.0,0.0,0.0,0.0,12.2713,0.0
FCAU,2020-Feb-14,13.4,13.41,13.24,13.27,1346500,0,1.0,0.0,0.0,0.0,12.1161,0.0
FCAU,2020-Feb-18,13.19,13.24,13.13,13.17,2076800,0,1.0,0.0,0.0,0.0,12.0248,0.0
FCAU,2020-Feb-19,13.22,13.27,13.2,13.21,1683500,0,1.0,0.0,0.0,0.0,12.0613,0.0
FCAU,2020-Feb-20,13.27,13.36,13.23,13.3,1655200,0,1.0,0.0,0.0,0.0,12.1435,0.0
FCAU,2020-Feb-21,13.19,13.2,13.04,13.1,1983900,0,1.0,0.0,0.0,0.0,11.9609,0.0
FCAU,2020-Feb-24,12.26,12.36,12.18,12.21,9285600,0,1.0,0.0,0.0,0.0,11.1483,0.0
FCAU,2020-Feb-25,12.33,12.35,11.94,11.96,7677600,0,1.0,0.0,0.0,0.0,10.92,0.0
FCAU,2020-Feb-26,12.86,12.9,12.5,12.5,10291200,0,1.0,0.0,0.0,0.0,11.413,0.0
FCAU,2020-Feb-27,12.55,12.87,12.36,12.36,10290400,0,1.0,0.0,0.0,0.0,11.2852,0.0
FCAU,2020-Feb-28,12.21,12.54,12.13,12.44,11497100,0,1.0,0.0,0.0,0.0,11.3583,0.0
FCAU,2020-Mar-02,12.16,12.38,11.92,12.34,6096600,0,1.0,0.0,0.0,0.0,11.267,0.0
FCAU,2020-Mar-03,12.39,12.57,11.92,12,6979100,0,1.0,0.0,0.0,0.0,10.9565,0.0
FCAU,2020-Mar-04,12.21,12.4,12.1,12.38,4578200,0,1.0,0.0,0.0,0.0,11.3035,0.0
FCAU,2020-Mar-05,12.12,12.23,11.86,11.91,4189200,0,1.0,0.0,0.0,0.0,10.8743,0.0
FCAU,2020-Mar-06,11.84,11.98,11.71,11.83,5354500,0,1.0,0.0,0.0,0.0,10.8013,0.0
FCAU,2020-Mar-09,10.79,11,10.44,10.54,5678400,0,1.0,0.0,0.0,0.0,9.62348,0.0
FCAU,2020-Mar-10,10.86,11.02,10.53,11,3545300,0,1.0,0.0,0.0,0.0,10.0435,0.0
FCAU,2020-Mar-11,10.7,10.79,10.46,10.6,7516400,0,1.0,0.0,0.0,0.0,9.67826,0.0
FCAU,2020-Mar-12,9.95,9.99,8.6,8.99,8770300,0,1.0,0.0,0.0,0.0,8.20826,0.0
FCAU,2020-Mar-13,9.89,10.03,9.26,10.03,4629600,0,1.0,0.0,0.0,0.0,9.15783,0.0
FCAU,2020-Mar-16,7.91,8.47,7.65,7.86,5292500,0,1.0,0.0,0.0,0.0,7.17652,0.0
FCAU,2020-Mar-17,7.47,7.67,7.11,7.61,3599300,0,1.0,0.0,0.0,0.0,6.94826,0.0
FCAU,2020-Mar-18,6.69,6.96,6.3,6.91,4682200,0,1.0,0.0,0.0,0.0,6.30913,0.0
FCAU,2020-Mar-19,6.18,6.51,6,6.47,5885300,0,1.0,0.0,0.0,0.0,5.90739,0.0
FCAU,2020-Mar-20,6.62,6.87,6.3,6.35,4656600,0,1.0,0.0,0.0,0.0,5.79783,0.0
FCAU,2020-Mar-23,6.25,6.45,6.23,6.35,5535900,0,1.0,0.0,0.0,0.0,5.79783,0.0
FCAU,2020-Mar-24,6.81,7.26,6.66,7.01,5751500,0,1.0,0.0,0.0,0.0,6.40043,0.0
FCAU,2020-Mar-25,7.29,7.66,6.82,7.43,11274400,0,1.0,0.0,0.0,0.0,6.78391,0.0
FCAU,2020-Mar-26,7.37,7.73,7.32,7.73,4114800,0,1.0,0.0,0.0,0.0,7.05783,0.0
FCAU,2020-Mar-27,7.26,7.33,7.06,7.12,5164800,0,1.0,0.0,0.0,0.0,6.50087,0.0
FCAU,2020-Mar-30,7,7.1,6.88,6.97,3731100,0,1.0,0.0,0.0,0.0,6.36391,0.0
FCAU,2020-Mar-31,6.99,7.26,6.98,7.19,3423700,0,1.0,0.0,0.0,0.0,6.56478,0.0
FCAU,2020-Apr-01,6.94,7.04,6.78,6.82,2440500,0,1.0,0.0,0.0,0.0,6.22696,0.0
FCAU,2020-Apr-02,6.72,6.86,6.67,6.81,2838900,0,1.0,0.0,0.0,0.0,6.21783,0.0
FCAU,2020-Apr-03,6.91,6.91,6.65,6.71,1910500,0,1.0,0.0,0.0,0.0,6.12652,0.0
FCAU,2020-Apr-06,6.96,7.29,6.93,7.25,3663900,0,1.0,0.0,0.0,0.0,6.61957,0.0
FCAU,2020-Apr-07,7.85,7.91,7.46,7.62,3968100,0,1.0,0.0,0.0,0.0,6.95739,0.0
FCAU,2020-Apr-08,7.74,7.87,7.65,7.86,2275700,0,1.0,0.0,0.0,0.0,7.17652,0.0
FCAU,2020-Apr-09,8.19,8.28,8.04,8.21,2863400,0,1.0,0.0,0.0,0.0,7.49609,0.0
FCAU,2020-Apr-13,8.35,8.35,7.93,8.05,1476800,0,1.0,0.0,0.0,0.0,7.35,0.0
FCAU,2020-Apr-14,8.44,8.49,8.18,8.35,2311400,0,1.0,0.0,0.0,0.0,7.62391,0.0
FCAU,2020-Apr-15,7.87,7.92,7.7,7.73,2193400,0,1.0,0.0,0.0,0.0,7.05783,0.0
FCAU,2020-Apr-16,7.83,7.84,7.62,7.68,1568400,0,1.0,0.0,0.0,0.0,7.01217,0.0
FCAU,2020-Apr-17,8.02,8.1,7.89,8.05,3651500,0,1.0,0.0,0.0,0.0,7.35,0.0
FCAU,2020-Apr-20,8,8.09,7.93,7.94,1772100,0.7,1.0,0.0,0.0,0.0,7.94,0.0
FCAU,2020-Apr-21,7.77,8.1,7.7,7.73,2917400,0,1.0,0.0,0.0,0.0,7.73,0.0
FCAU,2020-Apr-22,7.9,7.92,7.77,7.81,2328500,0,1.0,0.0,0.0,0.0,7.81,0.0
FCAU,2020-Apr-23,7.92,8.16,7.87,7.94,1990800,0,1.0,0.0,0.0,0.0,7.94,0.0
FCAU,2020-Apr-24,8.1,8.11,7.9,8,1929900,0,1.0,0.0,0.0,0.0,8,0.0
FCAU,2020-Apr-27,8.21,8.39,8.17,8.38,1837600,0,1.0,0.0,0.0,0.0,8.38,0.0
FCAU,2020-Apr-28,8.72,8.74,8.41,8.48,1798100,0,1.0,0.0,0.0,0.0,8.48,0.0
FCAU,2020-Apr-29,8.83,8.95,8.82,8.93,2244300,0,1.0,0.0,0.0,0.0,8.93,0.0
FCAU,2020-Apr-30,8.79,8.93,8.61,8.61,1955600,0,1.0,0.0,0.0,0.0,8.61,0.0
FCAU,2020-May-01,8.43,8.51,8.25,8.44,1508400,0,1.0,0.0,0.0,0.0,8.44,0.0
FCAU,2020-May-04,8.25,8.42,8.21,8.3,1866100,0,1.0,0.0,0.0,0.0,8.3,0.0
FCAU,2020-May-05,8.47,8.49,8.16,8.23,2273800,0,1.0,0.0,0.0,0.0,8.23,0.0
FCAU,2020-May-06,8.32,8.35,8.15,8.15,1224800,0,1.0,0.0,0.0,0.0,8.15,0.0
FCAU,2020-May-07,8.2,8.26,8.14,8.19,1126200,0,1.0,0.0,0.0,0.0,8.19,0.0
FCAU,2020-May-08,8.31,8.49,8.29,8.49,1376800,0,1.0,0.0,0.0,0.0,8.49,0.0
FCAU,2020-May-11,8.35,8.35,8.19,8.31,1641600,0,1.0,0.0,0.0,0.0,8.31,0.0
FCAU,2020-May-12,8.3,8.32,8.16,8.18,1659300,0,1.0,0.0,0.0,0.0,8.18,0.0
FCAU,2020-May-13,8.1,8.18,7.84,7.89,2311600,0,1.0,0.0,0.0,0.0,7.89,0.0
FCAU,2020-May-14,7.66,7.85,7.51,7.8,2820900,0,1.0,0.0,0.0,0.0,7.8,0.0
FCAU,2020-May-15,7.82,7.89,7.71,7.82,2530200,0,1.0,0.0,0.0,0.0,7.82,0.0
FCAU,2020-May-18,8.32,8.56,8.29,8.47,4032300,0,1.0,0.0,0.0,0.0,8.47,0.0
FCAU,2020-May-19,8.19,8.22,7.97,8,5991900,0,1.0,0.0,0.0,0.0,8,0.0
FCAU,2020-May-20,7.98,8.09,7.91,7.98,4254400,0,1.0,0.0,0.0,0.0,7.98,0.0
FCAU,2020-May-21,8.14,8.3,8.01,8.05,3876100,0,1.0,0.0,0.0,0.0,8.05,0.0
FCAU,2020-May-22,8.2,8.22,8,8.12,3028700,0,1.0,0.0,0.0,0.0,8.12,0.0
FCAU,2020-May-26,8.75,8.8,8.6,8.62,5107300,0,1.0,0.0,0.0,0.0,8.62,0.0
FCAU,2020-May-27,9.11,9.14,8.86,9,4122000,0,1.0,0.0,0.0,0.0,9,0.0
FCAU,2020-May-28,9.09,9.15,8.96,8.97,2892900,0,1.0,0.0,0.0,0.0,8.97,0.0
FCAU,2020-May-29,8.84,8.93,8.68,8.84,3478900,0,1.0,0.0,0.0,0.0,8.84,0.0
FCAU,2020-Jun-01,8.99,9.23,8.96,9.22,1993200,0,1.0,0.0,0.0,0.0,9.22,0.0
FCAU,2020-Jun-02,9.32,9.44,9.24,9.34,2821200,0,1.0,0.0,0.0,0.0,9.34,0.0
FCAU,2020-Jun-03,9.69,9.91,9.68,9.83,3507500,0,1.0,0.0,0.0,0.0,9.83,0.0
FCAU,2020-Jun-04,9.77,10,9.72,9.88,2886300,0,1.0,0.0,0.0,0.0,9.88,0.0
FCAU,2020-Jun-05,10.54,10.57,10.38,10.4,4561900,0,1.0,0.0,0.0,0.0,10.4,0.0
FCAU,2020-Jun-08,10.8,10.88,10.5,10.77,4963700,0,1.0,0.0,0.0,0.0,10.77,0.0
FCAU,2020-Jun-09,10.21,10.31,10.14,10.18,2611500,0,1.0,0.0,0.0,0.0,10.18,0.0
