MSFT,2018-Dec-12,110.89,111.27,109.04,109.08,36183000,nan,1.0,0.0,0.0,0.0,106.364,0.0
MSFT,2018-Dec-13,109.58,110.87,108.63,109.45,31333400,0,1.0,0.0,0.0,0.0,106.725,0.0
MSFT,2018-Dec-14,108.25,109.26,105.5,106.03,47043100,0,1.0,0.0,0.0,0.0,103.39,0.0
MSFT,2018-Dec-17,105.41,105.8,101.71,102.89,56957300,0,1.0,0.0,0.0,0.0,100.328,0.0
MSFT,2018-Dec-18,103.75,104.51,102.52,103.97,49319200,0,1.0,0.0,0.0,0.0,101.381,0.0
MSFT,2018-Dec-19,103.65,106.88,101.35,103.69,68198200,0,1.0,0.0,0.0,0.0,101.108,0.0
MSFT,2018-Dec-20,103.05,104.31,98.78,101.51,70334200,0,1.0,0.0,0.0,0.0,98.9824,0.0
MSFT,2018-Dec-21,101.63,103,97.46,98.23,111242100,0,1.0,0.0,0.0,0.0,95.784,0.0
MSFT,2018-Dec-24,97.68,97.97,93.98,94.13,43935200,0,1.0,0.0,0.0,0.0,91.7861,0.0
MSFT,2018-Dec-26,95.14,100.69,93.96,100.56,51634800,0,1.0,0.0,0.0,0.0,98.056,0.0
MSFT,2018-Dec-27,99.3,101.19,96.4,101.18,49498500,0,1.0,0.0,0.0,0.0,98.6606,0.0
MSFT,2018-Dec-28,102.09,102.41,99.52,100.39,38196300,0,1.0,0.0,0.0,0.0,97.8903,0.0
MSFT,2018-Dec-31,101.29,102.4,100.44,101.57,33173800,0,1.0,0.0,0.0,0.0,99.0409,0.0
MSFT,2019-Jan-02,99.55,101.75,98.94,101.12,35329300,0,1.0,0.0,0.0,0.0,98.6021,0.0
MSFT,2019-Jan-03,100.1,100.19,97.2,97.4,42579100,0,1.0,0.0,0.0,0.0,94.9747,0.0
MSFT,2019-Jan-04,99.72,102.51,98.93,101.93,44060600,0,1.0,0.0,0.0,0.0,99.3919,0.0
MSFT,2019-Jan-07,101.64,103.27,100.98,102.06,35656100,0,1.0,0.0,0.0,0.0,99.5187,0.0
MSFT,2019-Jan-08,103.04,103.97,101.71,102.8,31514400,0,1.0,0.0,0.0,0.0,100.24,0.0
MSFT,2019-Jan-09,103.86,104.88,103.24,104.27,32280800,0,1.0,0.0,0.0,0.0,101.674,0.0
MSFT,2019-Jan-10,103.22,103.75,102.38,103.6,30067600,0,1.0,0.0,0.0,0.0,101.02,0.0
MSFT,2019-Jan-11,103.19,103.44,101.64,102.8,28314200,0,1.0,0.0,0.0,0.0,100.24,0.0
MSFT,2019-Jan-14,101.9,102.87,101.26,102.05,28437100,0,1.0,0.0,0.0,0.0,99.5089,0.0
MSFT,2019-Jan-15,102.51,105.05,101.88,105.01,31587600,0,1.0,0.0,0.0,0.0,102.395,0.0
MSFT,2019-Jan-16,105.26,106.26,104.96,105.38,29853900,0,1.0,0.0,0.0,0.0,102.756,0.0
MSFT,2019-Jan-17,105,106.63,104.76,106.12,28393000,0,1.0,0.0,0.0,0.0,103.478,0.0
MSFT,2019-Jan-18,107.46,107.9,105.91,107.71,37427600,0,1.0,0.0,0.0,0.0,105.028,0.0
MSFT,2019-Jan-22,106.75,107.1,104.86,105.68,32371300,0,1.0,0.0,0.0,0.0,103.049,0.0
MSFT,2019-Jan-23,106.12,107.04,105.34,106.71,25874300,0,1.0,0.0,0.0,0.0,104.053,0.0
MSFT,2019-Jan-24,106.86,107,105.34,106.2,23164800,0,1.0,0.0,0.0,0.0,103.556,0.0
MSFT,2019-Jan-25,107.24,107.88,106.2,107.17,31225600,0,1.0,0.0,0.0,0.0,104.501,0.0
MSFT,2019-Jan-28,106.26,106.48,104.66,105.08,29476700,0,1.0,0.0,0.0,0.0,102.463,0.0
MSFT,2019-Jan-29,104.88,104.97,102.17,102.94,31490500,0,1.0,0.0,0.0,0.0,100.377,0.0
MSFT,2019-Jan-30,104.62,106.38,104.33,106.38,49471900,0,1.0,0.0,0.0,0.0,103.731,0.0
MSFT,2019-Jan-31,103.8,105.22,103.18,104.43,55636400,0,1.0,0.0,0.0,0.0,101.83,0.0
MSFT,2019-Feb-01,103.78,104.1,102.35,102.78,35535700,0,1.0,0.0,0.0,0.0,100.221,0.0
MSFT,2019-Feb-04,102.87,105.8,102.77,105.74,31315100,0,1.0,0.0,0.0,0.0,103.107,0.0
MSFT,2019-Feb-05,106.06,107.27,105.96,107.22,27325400,0,1.0,0.0,0.0,0.0,104.55,0.0
MSFT,2019-Feb-06,107,107,105.53,106.03,20609800,0,1.0,0.0,0.0,0.0,103.39,0.0
MSFT,2019-Feb-07,105.19,105.59,104.29,105.27,29760700,0,1.0,0.0,0.0,0.0,102.649,0.0
MSFT,2019-Feb-08,104.39,105.78,104.26,105.67,21461100,0,1.0,0.0,0.0,0.0,103.039,0.0
MSFT,2019-Feb-11,106.2,106.58,104.97,105.25,18914100,0,1.0,0.0,0.0,0.0,102.629,0.0
MSFT,2019-Feb-12,106.14,107.14,105.48,106.89,25056600,0,1.0,0.0,0.0,0.0,104.228,0.0
MSFT,2019-Feb-13,107.5,107.78,106.71,106.81,18394900,0,1.0,0.0,0.0,0.0,104.15,0.0
MSFT,2019-Feb-14,106.31,107.29,105.66,106.9,21784700,0,1.0,0.0,0.0,0.0,104.238,0.0
MSFT,2019-Feb-15,107.91,108.3,107.36,108.22,26606900,0,1.0,0.0,0.0,0.0,105.525,0.0
MSFT,2019-Feb-19,107.79,108.66,107.78,108.17,18038500,0,1.0,0.0,0.0,0.0,105.477,0.0
MSFT,2019-Feb-20,107.86,107.94,106.29,107.15,21607700,0.46,1.0,0.0,0.0,0.0,104.928,0.0
MSFT,2019-Feb-21,106.9,109.48,106.87,109.41,29063200,0,1.0,0.0,0.0,0.0,107.141,0.0
MSFT,2019-Feb-22,110.05,111.2,109.82,110.97,27763200,0,1.0,0.0,0.0,0.0,108.669,0.0
MSFT,2019-Feb-25,111.76,112.18,111.26,111.59,23750600,0,1.0,0.0,0.0,0.0,109.276,0.0
MSFT,2019-Feb-26,111.26,113.24,111.17,112.36,21536700,0,1.0,0.0,0.0,0.0,110.03,0.0
MSFT,2019-Feb-27,111.69,112.36,110.88,112.17,21487100,0,1.0,0.0,0.0,0.0,109.844,0.0
MSFT,2019-Feb-28,112.04,112.88,111.73,112.03,29083900,0,1.0,0.0,0.0,0.0,109.707,0.0
MSFT,2019-Mar-01,112.89,113.02,111.67,112.53,23501200,0,1.0,0.0,0.0,0.0,110.197,0.0
MSFT,2019-Mar-04,113.02,113.25,110.8,112.26,26608000,0,1.0,0.0,0.0,0.0,109.932,0.0
MSFT,2019-Mar-05,112.25,112.39,111.23,111.7,19538300,0,1.0,0.0,0.0,0.0,109.384,0.0
MSFT,2019-Mar-06,111.87,112.66,111.43,111.75,17687000,0,1.0,0.0,0.0,0.0,109.433,0.0
MSFT,2019-Mar-07,111.4,111.55,109.87,110.39,25339000,0,1.0,0.0,0.0,0.0,108.101,0.0
MSFT,2019-Mar-08,109.16,110.71,108.8,110.51,22818400,0,1.0,0.0,0.0,0.0,108.218,0.0
MSFT,2019-Mar-11,110.99,112.95,110.98,112.83,26491600,0,1.0,0.0,0.0,0.0,110.49,0.0
MSFT,2019-Mar-12,112.82,113.99,112.65,113.62,26132700,0,1.0,0.0,0.0,0.0,111.264,0.0
MSFT,2019-Mar-13,114.13,115,113.78,114.5,35513800,0,1.0,0.0,0.0,0.0,112.126,0.0
MSFT,2019-Mar-14,114.54,115.2,114.33,114.59,30763400,0,1.0,0.0,0.0,0.0,112.214,0.0
MSFT,2019-Mar-15,115.34,117.25,114.59,115.91,54681100,0,1.0,0.0,0.0,0.0,113.506,0.0
MSFT,2019-Mar-18,116.17,117.61,116.05,117.57,31207600,0,1.0,0.0,0.0,0.0,115.132,0.0
MSFT,2019-Mar-19,118.09,118.44,116.99,117.65,37588700,0,1.0,0.0,0.0,0.0,115.21,0.0
MSFT,2019-Mar-20,117.39,118.75,116.71,117.52,28113300,0,1.0,0.0,0.0,0.0,115.083,0.0
MSFT,2019-Mar-21,117.14,120.82,117.09,120.22,29854400,0,1.0,0.0,0.0,0.0,117.727,0.0
MSFT,2019-Mar-22,119.5,119.59,117.04,117.05,33624500,0,1.0,0.0,0.0,0.0,114.623,0.0
MSFT,2019-Mar-25,116.56,118.01,116.32,117.66,27067100,0,1.0,0.0,0.0,0.0,115.22,0.0
MSFT,2019-Mar-26,118.62,118.71,116.85,117.91,26097700,0,1.0,0.0,0.0,0.0,115.465,0.0
MSFT,2019-Mar-27,117.88,118.21,115.52,116.77,22733400,0,1.0,0.0,0.0,0.0,114.349,0.0
MSFT,2019-Mar-28,117.44,117.58,116.13,116.93,18334800,0,1.0,0.0,0.0,0.0,114.505,0.0
MSFT,2019-Mar-29,118.07,118.32,116.96,117.94,25399800,0,1.0,0.0,0.0,0.0,115.494,0.0
MSFT,2019-Apr-01,118.95,119.11,118.1,119.02,22789100,0,1.0,0.0,0.0,0.0,116.552,0.0
MSFT,2019-Apr-02,119.06,119.48,118.52,119.19,18142300,0,1.0,0.0,0.0,0.0,116.718,0.0
MSFT,2019-Apr-03,119.86,120.43,119.15,119.97,22860700,0,1.0,0.0,0.0,0.0,117.482,0.0
MSFT,2019-Apr-04,120.1,120.23,118.38,119.36,20112800,0,1.0,0.0,0.0,0.0,116.885,0.0
MSFT,2019-Apr-05,119.39,120.23,119.37,119.89,15826200,0,1.0,0.0,0.0,0.0,117.404,0.0
MSFT,2019-Apr-08,119.81,120.02,118.64,119.93,15116200,0,1.0,0.0,0.0,0.0,117.443,0.0
MSFT,2019-Apr-09,118.63,119.54,118.58,119.28,17612000,0,1.0,0.0,0.0,0.0,116.807,0.0
MSFT,2019-Apr-10,119.76,120.35,119.54,120.19,16477200,0,1.0,0.0,0.0,0.0,117.698,0.0
MSFT,2019-Apr-11,120.54,120.85,119.92,120.33,14209100,0,1.0,0.0,0.0,0.0,117.835,0.0
MSFT,2019-Apr-12,120.64,120.98,120.37,120.95,19745100,0,1.0,0.0,0.0,0.0,118.442,0.0
MSFT,2019-Apr-15,120.94,121.58,120.57,121.05,15792600,0,1.0,0.0,0.0,0.0,118.54,0.0
MSFT,2019-Apr-16,121.64,121.65,120.1,120.77,14071800,0,1.0,0.0,0.0,0.0,118.266,0.0
MSFT,2019-Apr-17,121.24,121.85,120.54,121.77,19300900,0,1.0,0.0,0.0,0.0,119.245,0.0
MSFT,2019-Apr-18,122.19,123.52,121.3,123.37,27991000,0,1.0,0.0,0.0,0.0,120.812,0.0
MSFT,2019-Apr-22,122.62,124,122.57,123.76,15648700,0,1.0,0.0,0.0,0.0,121.194,0.0
MSFT,2019-Apr-23,124.1,125.58,123.83,125.44,24025500,0,1.0,0.0,0.0,0.0,122.839,0.0
MSFT,2019-Apr-24,125.79,125.85,124.52,125.01,31257000,0,1.0,0.0,0.0,0.0,122.418,0.0
MSFT,2019-Apr-25,130.06,131.37,128.83,129.15,38033900,0,1.0,0.0,0.0,0.0,126.472,0.0
MSFT,2019-Apr-26,129.7,130.52,129.02,129.89,23654900,0,1.0,0.0,0.0,0.0,127.197,0.0
MSFT,2019-Apr-29,129.9,130.18,129.35,129.77,16324200,0,1.0,0.0,0.0,0.0,127.079,0.0
MSFT,2019-Apr-30,129.81,130.7,129.39,130.6,24166500,0,1.0,0.0,0.0,0.0,127.892,0.0
MSFT,2019-May-01,130.53,130.65,127.7,127.88,26821700,0,1.0,0.0,0.0,0.0,125.228,0.0
MSFT,2019-May-02,127.98,128,125.52,126.21,27350200,0,1.0,0.0,0.0,0.0,123.593,0.0
MSFT,2019-May-03,127.36,129.43,127.25,128.9,24911100,0,1.0,0.0,0.0,0.0,126.227,0.0
MSFT,2019-May-06,126.39,128.56,126.11,128.15,24239800,0,1.0,0.0,0.0,0.0,125.493,0.0
MSFT,2019-May-07,126.46,127.18,124.22,125.52,36017700,0,1.0,0.0,0.0,0.0,122.917,0.0
MSFT,2019-May-08,125.44,126.37,124.75,125.51,28419000,0,1.0,0.0,0.0,0.0,122.907,0.0
MSFT,2019-May-09,124.29,125.79,123.57,125.5,27235800,0,1.0,0.0,0.0,0.0,122.898,0.0
MSFT,2019-May-10,124.91,127.93,123.82,127.13,30915100,0,1.0,0.0,0.0,0.0,124.494,0.0
MSFT,2019-May-13,124.11,125.55,123.04,123.35,33944900,0,1.0,0.0,0.0,0.0,120.792,0.0
MSFT,2019-May-14,123.87,125.88,123.7,124.73,25266300,0,1.0,0.0,0.0,0.0,122.144,0.0
MSFT,2019-May-15,124.26,126.71,123.7,126.02,24722700,0.46,1.0,0.0,0.0,0.0,123.864,0.0
MSFT,2019-May-16,126.75,129.38,126.46,128.93,30112200,0,1.0,0.0,0.0,0.0,126.724,0.0
MSFT,2019-May-17,128.31,130.46,127.92,128.07,25770500,0,1.0,0.0,0.0,0.0,125.879,0.0
MSFT,2019-May-20,126.52,127.59,125.76,126.22,23706900,0,1.0,0.0,0.0,0.0,124.06,0.0
MSFT,2019-May-21,127.43,127.53,126.58,126.9,15293300,0,1.0,0.0,0.0,0.0,124.729,0.0
MSFT,2019-May-22,126.62,128.24,126.52,127.67,15396500,0,1.0,0.0,0.0,0.0,125.485,0.0
MSFT,2019-May-23,126.2,126.29,124.74,126.18,23603800,0,1.0,0.0,0.0,0.0,124.021,0.0
MSFT,2019-May-24,126.91,127.42,125.97,126.24,14123400,0,1.0,0.0,0.0,0.0,124.08,0.0
MSFT,2019-May-28,126.98,128,126.05,126.16,23128400,0,1.0,0.0,0.0,0.0,124.001,0.0
MSFT,2019-May-29,125.38,125.39,124.04,124.94,22763100,0,1.0,0.0,0.0,0.0,122.802,0.0
MSFT,2019-May-30,125.26,125.76,124.78,125.73,16829600,0,1.0,0.0,0.0,0.0,123.579,0.0
MSFT,2019-May-31,124.23,124.62,123.32,123.68,26646800,0,1.0,0.0,0.0,0.0,121.564,0.0
MSFT,2019-Jun-03,123.85,124.37,119.01,119.84,37983600,0,1.0,0.0,0.0,0.0,117.789,0.0
MSFT,2019-Jun-04,121.28,123.28,120.65,123.16,29382600,0,1.0,0.0,0.0,0.0,121.053,0.0
MSFT,2019-Jun-05,124.95,125.87,124.21,125.83,24926100,0,1.0,0.0,0.0,0.0,123.677,0.0
MSFT,2019-Jun-06,126.44,127.97,125.6,127.82,21459000,0,1.0,0.0,0.0,0.0,125.633,0.0
MSFT,2019-Jun-07,129.19,132.25,128.26,131.4,33885600,0,1.0,0.0,0.0,0.0,129.152,0.0
MSFT,2019-Jun-10,132.4,134.08,132,132.6,26477100,0,1.0,0.0,0.0,0.0,130.331,0.0
MSFT,2019-Jun-11,133.88,134.24,131.28,132.1,23913700,0,1.0,0.0,0.0,0.0,129.84,0.0
MSFT,2019-Jun-12,131.4,131.97,130.71,131.49,17084700,0,1.0,0.0,0.0,0.0,129.24,0.0
MSFT,2019-Jun-13,131.98,133,131.56,132.32,17200800,0,1.0,0.0,0.0,0.0,130.056,0.0
MSFT,2019-Jun-14,132.26,133.79,131.64,132.45,17821700,0,1.0,0.0,0.0,0.0,130.184,0.0
MSFT,2019-Jun-17,132.63,133.73,132.53,132.85,14517800,0,1.0,0.0,0.0,0.0,130.577,0.0
MSFT,2019-Jun-18,134.19,135.24,133.57,135.16,25934500,0,1.0,0.0,0.0,0.0,132.847,0.0
MSFT,2019-Jun-19,135,135.93,133.81,135.69,23744400,0,1.0,0.0,0.0,0.0,133.368,0.0
MSFT,2019-Jun-20,137.45,137.66,135.72,136.95,33042600,0,1.0,0.0,0.0,0.0,134.607,0.0
MSFT,2019-Jun-21,136.58,137.73,136.46,136.97,36727900,0,1.0,0.0,0.0,0.0,134.626,0.0
MSFT,2019-Jun-24,137,138.4,137,137.78,20628800,0,1.0,0.0,0.0,0.0,135.422,0.0
MSFT,2019-Jun-25,137.25,137.59,132.73,133.43,33327400,0,1.0,0.0,0.0,0.0,131.147,0.0
MSFT,2019-Jun-26,134.35,135.74,133.6,133.93,23657700,0,1.0,0.0,0.0,0.0,131.638,0.0
MSFT,2019-Jun-27,134.14,134.71,133.51,134.15,16557500,0,1.0,0.0,0.0,0.0,131.855,0.0
MSFT,2019-Jun-28,134.57,134.6,133.16,133.96,30043000,0,1.0,0.0,0.0,0.0,131.668,0.0
MSFT,2019-Jul-01,136.63,136.7,134.97,135.68,22654200,0,1.0,0.0,0.0,0.0,133.358,0.0
MSFT,2019-Jul-02,136.12,136.59,135.34,136.58,15237800,0,1.0,0.0,0.0,0.0,134.243,0.0
MSFT,2019-Jul-03,136.8,137.74,136.29,137.46,13629300,0,1.0,0.0,0.0,0.0,135.108,0.0
MSFT,2019-Jul-05,135.94,137.33,135.72,137.06,18141100,0,1.0,0.0,0.0,0.0,134.715,0.0
MSFT,2019-Jul-08,136.4,137.1,135.37,136.96,16779700,0,1.0,0.0,0.0,0.0,134.616,0.0
MSFT,2019-Jul-09,136,136.97,135.8,136.46,19953100,0,1.0,0.0,0.0,0.0,134.125,0.0
MSFT,2019-Jul-10,137.13,138.58,137.02,137.85,24204400,0,1.0,0.0,0.0,0.0,135.491,0.0
MSFT,2019-Jul-11,138.2,139.22,137.87,138.4,22327900,0,1.0,0.0,0.0,0.0,136.032,0.0
MSFT,2019-Jul-12,138.85,139.13,138.01,138.9,18936800,0,1.0,0.0,0.0,0.0,136.523,0.0
MSFT,2019-Jul-15,139.44,139.54,138.46,138.9,16651500,0,1.0,0.0,0.0,0.0,136.523,0.0
MSFT,2019-Jul-16,138.96,139.05,136.52,137.08,22726100,0,1.0,0.0,0.0,0.0,134.734,0.0
MSFT,2019-Jul-17,137.7,137.93,136.22,136.27,20211000,0,1.0,0.0,0.0,0.0,133.938,0.0
MSFT,2019-Jul-18,135.55,136.62,134.67,136.42,30808700,0,1.0,0.0,0.0,0.0,134.086,0.0
MSFT,2019-Jul-19,140.22,140.67,136.45,136.62,48992400,0,1.0,0.0,0.0,0.0,134.282,0.0
MSFT,2019-Jul-22,137.41,139.19,137.33,138.43,25074900,0,1.0,0.0,0.0,0.0,136.061,0.0
MSFT,2019-Jul-23,139.76,139.99,138.03,139.29,18034600,0,1.0,0.0,0.0,0.0,136.907,0.0
MSFT,2019-Jul-24,138.9,140.74,138.85,140.72,20738300,0,1.0,0.0,0.0,0.0,138.312,0.0
MSFT,2019-Jul-25,140.43,140.61,139.32,140.19,18356900,0,1.0,0.0,0.0,0.0,137.791,0.0
MSFT,2019-Jul-26,140.37,141.68,140.3,141.34,19037600,0,1.0,0.0,0.0,0.0,138.921,0.0
MSFT,2019-Jul-29,141.5,141.51,139.37,141.03,16605900,0,1.0,0.0,0.0,0.0,138.617,0.0
MSFT,2019-Jul-30,140.14,141.22,139.8,140.35,16846500,0,1.0,0.0,0.0,0.0,137.948,0.0
MSFT,2019-Jul-31,140.33,140.49,135.08,136.27,38598800,0,1.0,0.0,0.0,0.0,133.938,0.0
MSFT,2019-Aug-01,137,140.94,136.93,138.06,40557500,0,1.0,0.0,0.0,0.0,135.698,0.0
MSFT,2019-Aug-02,138.09,138.32,135.26,136.9,30791600,0,1.0,0.0,0.0,0.0,134.557,0.0
MSFT,2019-Aug-05,133.3,133.93,130.78,132.21,42749600,0,1.0,0.0,0.0,0.0,129.948,0.0
MSFT,2019-Aug-06,133.8,135.68,133.21,134.69,32696700,0,1.0,0.0,0.0,0.0,132.385,0.0
MSFT,2019-Aug-07,133.79,135.65,131.83,135.28,33414500,0,1.0,0.0,0.0,0.0,132.965,0.0
MSFT,2019-Aug-08,136.6,138.99,135.93,138.89,27496500,0,1.0,0.0,0.0,0.0,136.513,0.0
MSFT,2019-Aug-09,138.61,139.38,136.46,137.71,23466700,0,1.0,0.0,0.0,0.0,135.354,0.0
MSFT,2019-Aug-12,137.07,137.86,135.24,135.79,20476600,0,1.0,0.0,0.0,0.0,133.466,0.0
MSFT,2019-Aug-13,136.05,138.8,135,138.6,25154600,0,1.0,0.0,0.0,0.0,136.228,0.0
MSFT,2019-Aug-14,136.36,136.92,133.67,133.98,32527300,0.46,1.0,0.0,0.0,0.0,132.126,0.0
MSFT,2019-Aug-15,134.39,134.58,132.25,133.68,28074400,0,1.0,0.0,0.0,0.0,131.83,0.0
MSFT,2019-Aug-16,134.88,136.46,134.72,136.13,24449100,0,1.0,0.0,0.0,0.0,134.246,0.0
MSFT,2019-Aug-19,137.85,138.55,136.89,138.41,24355700,0,1.0,0.0,0.0,0.0,136.495,0.0
MSFT,2019-Aug-20,138.21,138.71,137.24,137.26,21170800,0,1.0,0.0,0.0,0.0,135.361,0.0
MSFT,2019-Aug-21,138.55,139.49,138,138.79,14970300,0,1.0,0.0,0.0,0.0,136.869,0.0
MSFT,2019-Aug-22,138.66,139.2,136.29,137.78,18697000,0,1.0,0.0,0.0,0.0,135.873,0.0
MSFT,2019-Aug-23,137.19,138.35,132.8,133.39,38508600,0,1.0,0.0,0.0,0.0,131.544,0.0
MSFT,2019-Aug-26,134.99,135.56,133.9,135.45,20312600,0,1.0,0.0,0.0,0.0,133.576,0.0
MSFT,2019-Aug-27,136.39,136.72,134.66,135.74,23102100,0,1.0,0.0,0.0,0.0,133.862,0.0
MSFT,2019-Aug-28,134.88,135.76,133.55,135.56,17393300,0,1.0,0.0,0.0,0.0,133.684,0.0
MSFT,2019-Aug-29,137.25,138.44,136.91,138.12,20168700,0,1.0,0.0,0.0,0.0,136.209,0.0
MSFT,2019-Aug-30,139.15,139.18,136.27,137.86,23940100,0,1.0,0.0,0.0,0.0,135.952,0.0
MSFT,2019-Sep-03,136.61,137.2,135.7,136.04,18869300,0,1.0,0.0,0.0,0.0,134.157,0.0
MSFT,2019-Sep-04,137.3,137.69,136.48,137.63,17995900,0,1.0,0.0,0.0,0.0,135.725,0.0
MSFT,2019-Sep-05,139.11,140.38,138.76,140.05,26101800,0,1.0,0.0,0.0,0.0,138.112,0.0
MSFT,2019-Sep-06,140.03,140.18,138.2,139.1,20824500,0,1.0,0.0,0.0,0.0,137.175,0.0
MSFT,2019-Sep-09,139.59,139.75,136.46,137.52,25773900,0,1.0,0.0,0.0,0.0,135.617,0.0
MSFT,2019-Sep-10,136.8,136.89,134.51,136.08,28903400,0,1.0,0.0,0.0,0.0,134.197,0.0
MSFT,2019-Sep-11,135.91,136.27,135.09,136.12,24726100,0,1.0,0.0,0.0,0.0,134.236,0.0
MSFT,2019-Sep-12,137.85,138.42,136.87,137.52,27010000,0,1.0,0.0,0.0,0.0,135.617,0.0
MSFT,2019-Sep-13,137.78,138.06,136.57,137.32,23363100,0,1.0,0.0,0.0,0.0,135.42,0.0
MSFT,2019-Sep-16,135.83,136.7,135.66,136.33,16731400,0,1.0,0.0,0.0,0.0,134.443,0.0
MSFT,2019-Sep-17,136.96,137.52,136.43,137.39,17814200,0,1.0,0.0,0.0,0.0,135.489,0.0
MSFT,2019-Sep-18,137.36,138.67,136.53,138.52,23982100,0,1.0,0.0,0.0,0.0,136.603,0.0
MSFT,2019-Sep-19,140.3,142.37,140.07,141.07,35772100,0,1.0,0.0,0.0,0.0,139.118,0.0
MSFT,2019-Sep-20,141.01,141.65,138.25,139.44,39167300,0,1.0,0.0,0.0,0.0,137.51,0.0
MSFT,2019-Sep-23,139.23,139.63,138.44,139.14,17139300,0,1.0,0.0,0.0,0.0,137.215,0.0
MSFT,2019-Sep-24,140.36,140.69,136.88,137.38,29773200,0,1.0,0.0,0.0,0.0,135.479,0.0
MSFT,2019-Sep-25,137.5,139.96,136.03,139.36,21382000,0,1.0,0.0,0.0,0.0,137.432,0.0
MSFT,2019-Sep-26,139.44,140.18,138.44,139.54,17456600,0,1.0,0.0,0.0,0.0,137.609,0.0
MSFT,2019-Sep-27,140.15,140.36,136.65,137.73,22477700,0,1.0,0.0,0.0,0.0,135.824,0.0
MSFT,2019-Sep-30,138.05,139.22,137.78,139.03,17280900,0,1.0,0.0,0.0,0.0,137.106,0.0
MSFT,2019-Oct-01,139.66,140.25,137,137.07,21466600,0,1.0,0.0,0.0,0.0,135.173,0.0
MSFT,2019-Oct-02,136.25,136.37,133.58,134.65,30521700,0,1.0,0.0,0.0,0.0,132.787,0.0
MSFT,2019-Oct-03,134.95,136.75,133.22,136.28,24132900,0,1.0,0.0,0.0,0.0,134.394,0.0
MSFT,2019-Oct-04,136.75,138.25,136.42,138.12,22897700,0,1.0,0.0,0.0,0.0,136.209,0.0
MSFT,2019-Oct-07,137.14,138.18,137.02,137.12,15303700,0,1.0,0.0,0.0,0.0,135.223,0.0
MSFT,2019-Oct-08,137.08,137.76,135.62,135.67,25550500,0,1.0,0.0,0.0,0.0,133.793,0.0
MSFT,2019-Oct-09,137.46,138.7,136.97,138.24,19749900,0,1.0,0.0,0.0,0.0,136.327,0.0
MSFT,2019-Oct-10,138.49,139.67,138.25,139.1,17654600,0,1.0,0.0,0.0,0.0,137.175,0.0
MSFT,2019-Oct-11,140.12,141.03,139.5,139.68,25446000,0,1.0,0.0,0.0,0.0,137.747,0.0
MSFT,2019-Oct-14,139.69,140.29,139.52,139.55,13304300,0,1.0,0.0,0.0,0.0,137.619,0.0
MSFT,2019-Oct-15,140.06,141.79,139.81,141.57,19695700,0,1.0,0.0,0.0,0.0,139.611,0.0
MSFT,2019-Oct-16,140.79,140.99,139.53,140.41,20751600,0,1.0,0.0,0.0,0.0,138.467,0.0
MSFT,2019-Oct-17,140.95,141.42,139.02,139.69,21460600,0,1.0,0.0,0.0,0.0,137.757,0.0
MSFT,2019-Oct-18,139.76,140,136.56,137.41,32273500,0,1.0,0.0,0.0,0.0,135.508,0.0
MSFT,2019-Oct-21,138.45,138.5,137.01,138.43,20078200,0,1.0,0.0,0.0,0.0,136.514,0.0
MSFT,2019-Oct-22,138.97,140.01,136.26,136.37,27431000,0,1.0,0.0,0.0,0.0,134.483,0.0
MSFT,2019-Oct-23,136.88,137.45,135.61,137.24,29844600,0,1.0,0.0,0.0,0.0,135.341,0.0
MSFT,2019-Oct-24,139.39,140.42,138.67,139.94,37029300,0,1.0,0.0,0.0,0.0,138.003,0.0
MSFT,2019-Oct-25,139.34,141.14,139.2,140.73,25959700,0,1.0,0.0,0.0,0.0,138.783,0.0
MSFT,2019-Oct-28,144.4,145.67,143.51,144.19,35280100,0,1.0,0.0,0.0,0.0,142.195,0.0
MSFT,2019-Oct-29,144.08,144.5,142.65,142.83,20589500,0,1.0,0.0,0.0,0.0,140.854,0.0
MSFT,2019-Oct-30,143.52,145,142.79,144.61,18496600,0,1.0,0.0,0.0,0.0,142.609,0.0
MSFT,2019-Oct-31,144.9,144.93,142.99,143.37,24605100,0,1.0,0.0,0.0,0.0,141.386,0.0
MSFT,2019-Nov-01,144.26,144.42,142.97,143.72,33128400,0,1.0,0.0,0.0,0.0,141.731,0.0
MSFT,2019-Nov-04,144.83,145,144.16,144.55,16912000,0,1.0,0.0,0.0,0.0,142.55,0.0
MSFT,2019-Nov-05,144.97,145.02,143.91,144.46,18250200,0,1.0,0.0,0.0,0.0,142.461,0.0
MSFT,2019-Nov-06,144.37,144.52,143.2,144.06,16575800,0,1.0,0.0,0.0,0.0,142.066,0.0
MSFT,2019-Nov-07,143.84,144.88,143.77,144.26,17786700,0,1.0,0.0,0.0,0.0,142.264,0.0
MSFT,2019-Nov-08,143.98,145.99,143.76,145.96,16732700,0,1.0,0.0,0.0,0.0,143.94,0.0
MSFT,2019-Nov-11,145.34,146.42,144.73,146.11,14362600,0,1.0,0.0,0.0,0.0,144.088,0.0
MSFT,2019-Nov-12,146.28,147.57,146.06,147.07,18641600,0,1.0,0.0,0.0,0.0,145.035,0.0
MSFT,2019-Nov-13,146.74,147.46,146.28,147.31,16919200,0,1.0,0.0,0.0,0.0,145.271,0.0
MSFT,2019-Nov-14,147.02,148.41,147,148.06,19729800,0,1.0,0.0,0.0,0.0,146.011,0.0
MSFT,2019-Nov-15,148.93,149.99,148.27,149.97,23485700,0,1.0,0.0,0.0,0.0,147.895,0.0
MSFT,2019-Nov-18,150.07,150.55,148.98,150.34,21534000,0,1.0,0.0,0.0,0.0,148.26,0.0
MSFT,2019-Nov-19,150.88,151.33,150.2,150.39,23935700,0,1.0,0.0,0.0,0.0,148.309,0.0
MSFT,2019-Nov-20,150.31,150.84,148.46,149.62,25696800,0.51,1.0,0.0,0.0,0.0,148.052,0.0
MSFT,2019-Nov-21,149.4,149.8,148.5,149.48,18576100,0,1.0,0.0,0.0,0.0,147.913,0.0
MSFT,2019-Nov-22,150.07,150.3,148.82,149.59,15901800,0,1.0,0.0,0.0,0.0,148.022,0.0
MSFT,2019-Nov-25,150,151.35,149.92,151.23,22420900,0,1.0,0.0,0.0,0.0,149.645,0.0
MSFT,2019-Nov-26,151.36,152.42,151.32,152.03,24620100,0,1.0,0.0,0.0,0.0,150.436,0.0
MSFT,2019-Nov-27,152.33,152.5,151.52,152.32,15184400,0,1.0,0.0,0.0,0.0,150.723,0.0
MSFT,2019-Nov-29,152.1,152.3,151.28,151.38,11977300,0,1.0,0.0,0.0,0.0,149.793,0.0
MSFT,2019-Dec-02,151.81,151.83,148.32,149.55,27418400,0,1.0,0.0,0.0,0.0,147.982,0.0
MSFT,2019-Dec-03,147.49,149.43,146.65,149.31,24066000,0,1.0,0.0,0.0,0.0,147.745,0.0
MSFT,2019-Dec-04,150.14,150.18,149.2,149.85,17574700,0,1.0,0.0,0.0,0.0,148.279,0.0
MSFT,2019-Dec-05,150.05,150.32,149.48,149.93,17869100,0,1.0,0.0,0.0,0.0,148.358,0.0
MSFT,2019-Dec-06,150.99,151.87,150.27,151.75,16403500,0,1.0,0.0,0.0,0.0,150.159,0.0
MSFT,2019-Dec-09,151.07,152.21,150.91,151.36,16687400,0,1.0,0.0,0.0,0.0,149.773,0.0
MSFT,2019-Dec-10,151.29,151.89,150.76,151.13,16476100,0,1.0,0.0,0.0,0.0,149.546,0.0
MSFT,2019-Dec-11,151.54,151.87,150.33,151.7,18856600,0,1.0,0.0,0.0,0.0,150.11,0.0
MSFT,2019-Dec-12,151.65,153.44,151.02,153.24,24612100,0,1.0,0.0,0.0,0.0,151.634,0.0
MSFT,2019-Dec-13,153,154.89,152.83,154.53,23845400,0,1.0,0.0,0.0,0.0,152.91,0.0
MSFT,2019-Dec-16,155.11,155.9,154.82,155.53,24144200,0,1.0,0.0,0.0,0.0,153.9,0.0
MSFT,2019-Dec-17,155.45,155.71,154.45,154.69,25425600,0,1.0,0.0,0.0,0.0,153.068,0.0
MSFT,2019-Dec-18,154.3,155.48,154.18,154.37,24129200,0,1.0,0.0,0.0,0.0,152.752,0.0
MSFT,2019-Dec-19,154,155.77,153.75,155.71,24958900,0,1.0,0.0,0.0,0.0,154.078,0.0
MSFT,2019-Dec-20,157.35,158.49,156.29,157.41,53477500,0,1.0,0.0,0.0,0.0,155.76,0.0
MSFT,2019-Dec-23,158.12,158.12,157.27,157.41,17718200,0,1.0,0.0,0.0,0.0,155.76,0.0
MSFT,2019-Dec-24,157.48,157.71,157.12,157.38,8989200,0,1.0,0.0,0.0,0.0,155.73,0.0
MSFT,2019-Dec-26,157.56,158.73,157.4,158.67,14520600,0,1.0,0.0,0.0,0.0,157.007,0.0
MSFT,2019-Dec-27,159.45,159.55,158.22,158.96,18412800,0,1.0,0.0,0.0,0.0,157.294,0.0
MSFT,2019-Dec-30,158.99,159.02,156.73,157.59,16348400,0,1.0,0.0,0.0,0.0,155.938,0.0
MSFT,2019-Dec-31,156.77,157.77,156.45,157.7,18369400,0,1.0,0.0,0.0,0.0,156.047,0.0
MSFT,2020-Jan-02,158.78,160.73,158.33,160.62,22622100,0,1.0,0.0,0.0,0.0,158.936,0.0
MSFT,2020-Jan-03,158.32,159.95,158.06,158.62,21116200,0,1.0,0.0,0.0,0.0,156.957,0.0
MSFT,2020-Jan-06,157.08,159.1,156.51,159.03,20813700,0,1.0,0.0,0.0,0.0,157.363,0.0
MSFT,2020-Jan-07,159.32,159.67,157.32,157.58,21634100,0,1.0,0.0,0.0,0.0,155.928,0.0
MSFT,2020-Jan-08,158.93,160.8,157.95,160.09,27746500,0,1.0,0.0,0.0,0.0,158.412,0.0
MSFT,2020-Jan-09,161.84,162.22,161.03,162.09,21385000,0,1.0,0.0,0.0,0.0,160.391,0.0
MSFT,2020-Jan-10,162.82,163.22,161.18,161.34,20725900,0,1.0,0.0,0.0,0.0,159.649,0.0
MSFT,2020-Jan-13,161.76,163.31,161.26,163.28,21626500,0,1.0,0.0,0.0,0.0,161.568,0.0
MSFT,2020-Jan-14,163.39,163.6,161.72,162.13,23477400,0,1.0,0.0,0.0,0.0,160.43,0.0
MSFT,2020-Jan-15,162.62,163.94,162.57,163.18,21417900,0,1.0,0.0,0.0,0.0,161.469,0.0
MSFT,2020-Jan-16,164.35,166.24,164.03,166.17,23865400,0,1.0,0.0,0.0,0.0,164.428,0.0
MSFT,2020-Jan-17,167.42,167.47,165.43,167.1,34371700,0,1.0,0.0,0.0,0.0,165.348,0.0
MSFT,2020-Jan-21,166.68,168.19,166.43,166.5,29517200,0,1.0,0.0,0.0,0.0,164.755,0.0
MSFT,2020-Jan-22,167.4,167.49,165.68,165.7,24138800,0,1.0,0.0,0.0,0.0,163.963,0.0
MSFT,2020-Jan-23,166.19,166.8,165.27,166.72,19680800,0,1.0,0.0,0.0,0.0,164.972,0.0
MSFT,2020-Jan-24,167.51,167.53,164.45,165.04,24918100,0,1.0,0.0,0.0,0.0,163.31,0.0
MSFT,2020-Jan-27,161.15,163.38,160.2,162.28,32078100,0,1.0,0.0,0.0,0.0,160.579,0.0
MSFT,2020-Jan-28,163.78,165.76,163.07,165.46,24899900,0,1.0,0.0,0.0,0.0,163.726,0.0
MSFT,2020-Jan-29,167.84,168.75,165.69,168.04,34754500,0,1.0,0.0,0.0,0.0,166.279,0.0
MSFT,2020-Jan-30,174.05,174.05,170.79,172.78,51597500,0,1.0,0.0,0.0,0.0,170.969,0.0
MSFT,2020-Jan-31,172.21,172.4,169.58,170.23,36142700,0,1.0,0.0,0.0,0.0,168.446,0.0
MSFT,2020-Feb-03,170.43,174.5,170.4,174.38,30149100,0,1.0,0.0,0.0,0.0,172.552,0.0
MSFT,2020-Feb-04,177.14,180.64,176.31,180.12,36433300,0,1.0,0.0,0.0,0.0,178.232,0.0
MSFT,2020-Feb-05,184.03,184.2,178.41,179.9,39186300,0,1.0,0.0,0.0,0.0,178.014,0.0
MSFT,2020-Feb-06,180.97,183.82,180.06,183.63,27751400,0,1.0,0.0,0.0,0.0,181.705,0.0
MSFT,2020-Feb-07,182.85,185.63,182.48,183.89,33529100,0,1.0,0.0,0.0,0.0,181.962,0.0
MSFT,2020-Feb-10,183.58,188.84,183.25,188.7,35844300,0,1.0,0.0,0.0,0.0,186.722,0.0
MSFT,2020-Feb-11,190.65,190.7,183.5,184.44,53159900,0,1.0,0.0,0.0,0.0,182.507,0.0
MSFT,2020-Feb-12,185.58,185.85,181.85,184.71,47062900,0,1.0,0.0,0.0,0.0,182.774,0.0
MSFT,2020-Feb-13,183.08,186.23,182.87,183.71,35295800,0,1.0,0.0,0.0,0.0,181.784,0.0
MSFT,2020-Feb-14,183.25,185.41,182.65,185.35,23149500,0,1.0,0.0,0.0,0.0,183.407,0.0
MSFT,2020-Feb-18,185.61,187.7,185.5,187.23,27792200,0,1.0,0.0,0.0,0.0,185.267,0.0
MSFT,2020-Feb-19,188.06,188.18,186.47,187.28,29997500,0.51,1.0,0.0,0.0,0.0,185.823,0.0
MSFT,2020-Feb-20,186.95,187.25,181.1,184.42,36862400,0,1.0,0.0,0.0,0.0,182.985,0.0
MSFT,2020-Feb-21,183.17,183.5,177.25,178.59,48572600,0,1.0,0.0,0.0,0.0,177.201,0.0
MSFT,2020-Feb-24,167.77,174.55,163.23,170.89,68311100,0,1.0,0.0,0.0,0.0,169.561,0.0
MSFT,2020-Feb-25,174.2,174.84,167.65,168.07,68073300,0,1.0,0.0,0.0,0.0,166.762,0.0
MSFT,2020-Feb-26,169.71,173.26,168.21,170.17,56206100,0,1.0,0.0,0.0,0.0,168.846,0.0
MSFT,2020-Feb-27,163.32,167.03,157.98,158.18,93174900,0,1.0,0.0,0.0,0.0,156.949,0.0
MSFT,2020-Feb-28,152.41,163.71,152,162.01,97073600,0,1.0,0.0,0.0,0.0,160.75,0.0
MSFT,2020-Mar-02,165.31,172.92,162.31,172.79,71030800,0,1.0,0.0,0.0,0.0,171.446,0.0
MSFT,2020-Mar-03,173.8,175,162.26,164.51,71677000,0,1.0,0.0,0.0,0.0,163.23,0.0
MSFT,2020-Mar-04,168.49,170.7,165.62,170.55,49814400,0,1.0,0.0,0.0,0.0,169.223,0.0
MSFT,2020-Mar-05,166.05,170.87,165.69,166.27,47817300,0,1.0,0.0,0.0,0.0,164.976,0.0
MSFT,2020-Mar-06,162.61,163.11,156,161.57,72821100,0,1.0,0.0,0.0,0.0,160.313,0.0
MSFT,2020-Mar-09,151,157.75,150,150.62,70419300,0,1.0,0.0,0.0,0.0,149.448,0.0
MSFT,2020-Mar-10,158.16,161.03,152.58,160.92,65354400,0,1.0,0.0,0.0,0.0,159.668,0.0
MSFT,2020-Mar-11,157.13,157.7,151.15,153.63,56371600,0,1.0,0.0,0.0,0.0,152.435,0.0
MSFT,2020-Mar-12,145.3,153.47,138.58,139.06,93226400,0,1.0,0.0,0.0,0.0,137.978,0.0
MSFT,2020-Mar-13,147.5,161.91,140.73,158.83,92727400,0,1.0,0.0,0.0,0.0,157.594,0.0
MSFT,2020-Mar-16,140,149.35,135,135.42,87905900,0,1.0,0.0,0.0,0.0,134.366,0.0
MSFT,2020-Mar-17,140,147.5,135,146.57,81059800,0,1.0,0.0,0.0,0.0,145.43,0.0
MSFT,2020-Mar-18,138,146,135.02,140.4,81593200,0,1.0,0.0,0.0,0.0,139.308,0.0
MSFT,2020-Mar-19,142.77,150.15,139,142.71,85922700,0,1.0,0.0,0.0,0.0,141.6,0.0
MSFT,2020-Mar-20,146,147.1,135.86,137.35,84866200,0,1.0,0.0,0.0,0.0,136.281,0.0
MSFT,2020-Mar-23,137.01,140.57,132.52,135.98,78975200,0,1.0,0.0,0.0,0.0,134.922,0.0
MSFT,2020-Mar-24,143.75,149.6,141.27,148.34,82516700,0,1.0,0.0,0.0,0.0,147.186,0.0
MSFT,2020-Mar-25,148.91,154.33,144.44,146.92,75638200,0,1.0,0.0,0.0,0.0,145.777,0.0
MSFT,2020-Mar-26,148.4,156.66,148.37,156.11,64568100,0,1.0,0.0,0.0,0.0,154.895,0.0
MSFT,2020-Mar-27,151.75,154.89,149.2,149.7,57042300,0,1.0,0.0,0.0,0.0,148.535,0.0
MSFT,2020-Mar-30,152.44,160.6,150.01,160.23,63420300,0,1.0,0.0,0.0,0.0,158.983,0.0
MSFT,2020-Mar-31,159.4,164.78,156.56,157.71,77927200,0,1.0,0.0,0.0,0.0,156.483,0.0
MSFT,2020-Apr-01,153,157.75,150.82,152.11,57969900,0,1.0,0.0,0.0,0.0,150.927,0.0
MSFT,2020-Apr-02,151.86,155.48,150.36,155.26,49630700,0,1.0,0.0,0.0,0.0,154.052,0.0
MSFT,2020-Apr-03,155.1,157.38,152.19,153.83,41243300,0,1.0,0.0,0.0,0.0,152.633,0.0
MSFT,2020-Apr-06,160.32,166.5,157.58,165.27,67111700,0,1.0,0.0,0.0,0.0,163.984,0.0
MSFT,2020-Apr-07,169.59,170,163.26,163.49,62769000,0,1.0,0.0,0.0,0.0,162.218,0.0
MSFT,2020-Apr-08,165.67,166.67,163.5,165.13,48318200,0,1.0,0.0,0.0,0.0,163.845,0.0
MSFT,2020-Apr-09,166.36,167.37,163.33,165.14,51431800,0,1.0,0.0,0.0,0.0,163.855,0.0
MSFT,2020-Apr-13,164.35,165.57,162.3,165.51,41905300,0,1.0,0.0,0.0,0.0,164.222,0.0
MSFT,2020-Apr-14,169,173.75,168,173.7,52874300,0,1.0,0.0,0.0,0.0,172.349,0.0
MSFT,2020-Apr-15,171.2,173.57,169.24,171.88,40940800,0,1.0,0.0,0.0,0.0,170.543,0.0
MSFT,2020-Apr-16,174.3,177.28,172.9,177.04,50479600,0,1.0,0.0,0.0,0.0,175.663,0.0
MSFT,2020-Apr-17,179.5,180,175.87,178.6,52765600,0,1.0,0.0,0.0,0.0,177.211,0.0
MSFT,2020-Apr-20,176.63,178.75,174.99,175.06,36669600,0,1.0,0.0,0.0,0.0,173.698,0.0
MSFT,2020-Apr-21,173.5,173.67,166.11,167.82,56203700,0,1.0,0.0,0.0,0.0,166.514,0.0
MSFT,2020-Apr-22,171.39,174,170.82,173.52,34651600,0,1.0,0.0,0.0,0.0,172.17,0.0
MSFT,2020-Apr-23,174.11,175.06,170.91,171.42,32790800,0,1.0,0.0,0.0,0.0,170.086,0.0
MSFT,2020-Apr-24,172.06,174.56,170.71,174.55,34305300,0,1.0,0.0,0.0,0.0,173.192,0.0
MSFT,2020-Apr-27,176.59,176.9,173.3,174.05,33194400,0,1.0,0.0,0.0,0.0,172.696,0.0
MSFT,2020-Apr-28,175.59,175.67,169.39,169.81,34392700,0,1.0,0.0,0.0,0.0,168.489,0.0
MSFT,2020-Apr-29,173.22,177.68,171.88,177.43,51286600,0,1.0,0.0,0.0,0.0,176.05,0.0
MSFT,2020-Apr-30,180,180.4,176.23,179.21,53875900,0,1.0,0.0,0.0,0.0,177.816,0.0
MSFT,2020-May-01,175.8,178.64,174.01,174.57,39370500,0,1.0,0.0,0.0,0.0,173.212,0.0
MSFT,2020-May-04,174.49,179,173.8,178.84,30372900,0,1.0,0.0,0.0,0.0,177.449,0.0
MSFT,2020-May-05,180.62,183.65,179.9,180.76,36839200,0,1.0,0.0,0.0,0.0,179.354,0.0
MSFT,2020-May-06,182.08,184.2,181.63,182.54,32139300,0,1.0,0.0,0.0,0.0,181.12,0.0
MSFT,2020-May-07,184.17,184.55,182.58,183.6,28316000,0,1.0,0.0,0.0,0.0,182.172,0.0
MSFT,2020-May-08,184.98,185,183.36,184.68,30912600,0,1.0,0.0,0.0,0.0,183.243,0.0
MSFT,2020-May-11,183.15,187.51,182.85,186.74,30892700,0,1.0,0.0,0.0,0.0,185.287,0.0
MSFT,2020-May-12,186.8,187.04,182.3,182.51,32038200,0,1.0,0.0,0.0,0.0,181.09,0.0
MSFT,2020-May-13,182.55,184.05,176.54,179.75,44711500,0,1.0,0.0,0.0,0.0,178.352,0.0
MSFT,2020-May-14,177.54,180.69,175.68,180.53,41873900,0,1.0,0.0,0.0,0.0,179.126,0.0
MSFT,2020-May-15,179.06,187.06,177,183.16,46610400,0,1.0,0.0,0.0,0.0,181.735,0.0
MSFT,2020-May-18,185.75,186.2,183.96,184.91,35306600,0,1.0,0.0,0.0,0.0,183.471,0.0
MSFT,2020-May-19,185.03,186.6,183.49,183.63,26799100,0,1.0,0.0,0.0,0.0,182.201,0.0
MSFT,2020-May-20,184.81,185.85,183.94,185.66,31261300,0.51,1.0,0.0,0.0,0.0,184.729,0.0
MSFT,2020-May-21,185.4,186.67,183.29,183.43,29119500,0,1.0,0.0,0.0,0.0,182.51,0.0
MSFT,2020-May-22,183.19,184.46,182.54,183.51,20826900,0,1.0,0.0,0.0,0.0,182.589,0.0
MSFT,2020-May-26,186.34,186.5,181.1,181.57,36073600,0,1.0,0.0,0.0,0.0,180.659,0.0
MSFT,2020-May-27,180.2,181.99,176.6,181.81,39517100,0,1.0,0.0,0.0,0.0,180.898,0.0
MSFT,2020-May-28,180.74,184.15,180.38,181.4,33810200,0,1.0,0.0,0.0,0.0,180.49,0.0
MSFT,2020-May-29,182.73,184.27,180.41,183.25,42146700,0,1.0,0.0,0.0,0.0,182.331,0.0
MSFT,2020-Jun-01,182.54,183,181.46,182.83,22622400,0,1.0,0.0,0.0,0.0,181.913,0.0
MSFT,2020-Jun-02,184.25,185,181.35,184.91,30794600,0,1.0,0.0,0.0,0.0,183.982,0.0
MSFT,2020-Jun-03,184.82,185.94,183.58,185.36,27311000,0,1.0,0.0,0.0,0.0,184.43,0.0
MSFT,2020-Jun-04,184.3,185.84,182.3,182.92,28761800,0,1.0,0.0,0.0,0.0,182.002,0.0
MSFT,2020-Jun-05,182.62,187.73,182.01,187.2,39893600,0,1.0,0.0,0.0,0.0,186.261,0.0
MSFT,2020-Jun-08,185.94,188.55,184.44,188.36,33211600,0,1.0,0.0,0.0,0.0,187.415,0.0
MSFT,2020-Jun-09,188,190.7,187.26,189.8,29783900,0,1.0,0.0,0.0,0.0,188.848,0.0
AAPL,2018-Dec-12,42.6,42.98,42.255,42.275,142510800,nan,1.0,0.0,0.0,0.0,41.2926,0.0
AAPL,2018-Dec-13,42.6225,43.1425,42.3875,42.7375,127594400,0,1.0,0.0,0.0,0.0,41.7444,0.0
AAPL,2018-Dec-14,42.25,42.27,41.32,41.37,162814800,0,1.0,0.0,0.0,0.0,40.4086,0.0
AAPL,2018-Dec-17,41.3625,42.0875,40.6825,40.985,177151600,0,1.0,0.0,0.0,0.0,40.0326,0.0
AAPL,2018-Dec-18,41.345,41.8825,41.0975,41.5175,135366000,0,1.0,0.0,0.0,0.0,40.5527,0.0
AAPL,2018-Dec-19,41.5,41.8625,39.7725,40.2225,196189200,0,1.0,0.0,0.0,0.0,39.2878,0.0
AAPL,2018-Dec-20,40.1,40.5275,38.825,39.2075,259092000,0,1.0,0.0,0.0,0.0,38.2964,0.0
AAPL,2018-Dec-21,39.215,39.54,37.4075,37.6825,382978400,0,1.0,0.0,0.0,0.0,36.8068,0.0
AAPL,2018-Dec-24,37.0375,37.8875,36.6475,36.7075,148676800,0,1.0,0.0,0.0,0.0,35.8545,0.0
AAPL,2018-Dec-26,37.075,39.3075,36.68,39.2925,234330000,0,1.0,0.0,0.0,0.0,38.3794,0.0
AAPL,2018-Dec-27,38.96,39.1925,37.5175,39.0375,212468400,0,1.0,0.0,0.0,0.0,38.1303,0.0
AAPL,2018-Dec-28,39.375,39.63,38.6375,39.0575,169165600,0,1.0,0.0,0.0,0.0,38.1499,0.0
AAPL,2018-Dec-31,39.6325,39.84,39.12,39.435,140014000,0,1.0,0.0,0.0,0.0,38.5186,0.0
AAPL,2019-Jan-02,38.7225,39.7125,38.5575,39.48,148158800,0,1.0,0.0,0.0,0.0,38.5626,0.0
AAPL,2019-Jan-03,35.995,36.43,35.5,35.5475,365248800,0,1.0,0.0,0.0,0.0,34.7215,0.0
AAPL,2019-Jan-04,36.1325,37.1375,35.95,37.065,234428400,0,1.0,0.0,0.0,0.0,36.2037,0.0
AAPL,2019-Jan-07,37.175,37.2075,36.475,36.9825,219111200,0,1.0,0.0,0.0,0.0,36.1231,0.0
AAPL,2019-Jan-08,37.39,37.955,37.13,37.6875,164101200,0,1.0,0.0,0.0,0.0,36.8117,0.0
AAPL,2019-Jan-09,37.8225,38.6325,37.4075,38.3275,180396400,0,1.0,0.0,0.0,0.0,37.4368,0.0
AAPL,2019-Jan-10,38.125,38.4925,37.715,38.45,143122800,0,1.0,0.0,0.0,0.0,37.5565,0.0
AAPL,2019-Jan-11,38.22,38.425,37.8775,38.0725,108092800,0,1.0,0.0,0.0,0.0,37.1878,0.0
AAPL,2019-Jan-14,37.7125,37.8175,37.305,37.5,129756800,0,1.0,0.0,0.0,0.0,36.6286,0.0
AAPL,2019-Jan-15,37.5675,38.3475,37.5125,38.2675,114843600,0,1.0,0.0,0.0,0.0,37.3782,0.0
AAPL,2019-Jan-16,38.27,38.97,38.25,38.735,122278800,0,1.0,0.0,0.0,0.0,37.8349,0.0
AAPL,2019-Jan-17,38.55,39.415,38.315,38.965,119284800,0,1.0,0.0,0.0,0.0,38.0595,0.0
AAPL,2019-Jan-18,39.375,39.47,38.995,39.205,135004000,0,1.0,0.0,0.0,0.0,38.2939,0.0
AAPL,2019-Jan-22,39.1025,39.1825,38.155,38.325,121576000,0,1.0,0.0,0.0,0.0,37.4344,0.0
AAPL,2019-Jan-23,38.5375,38.785,37.925,38.48,92522400,0,1.0,0.0,0.0,0.0,37.5858,0.0
AAPL,2019-Jan-24,38.5275,38.62,37.935,38.175,101766000,0,1.0,0.0,0.0,0.0,37.2879,0.0
AAPL,2019-Jan-25,38.87,39.5325,38.58,39.44,134142000,0,1.0,0.0,0.0,0.0,38.5235,0.0
AAPL,2019-Jan-28,38.9475,39.0825,38.415,39.075,104768400,0,1.0,0.0,0.0,0.0,38.167,0.0
AAPL,2019-Jan-29,39.0625,39.5325,38.5275,38.67,166348800,0,1.0,0.0,0.0,0.0,37.7714,0.0
AAPL,2019-Jan-30,40.8125,41.5375,40.0575,41.3125,244439200,0,1.0,0.0,0.0,0.0,40.3525,0.0
AAPL,2019-Jan-31,41.5275,42.25,41.14,41.61,162958400,0,1.0,0.0,0.0,0.0,40.6431,0.0
AAPL,2019-Feb-01,41.74,42.245,41.4825,41.63,130672400,0,1.0,0.0,0.0,0.0,40.6626,0.0
AAPL,2019-Feb-04,41.8525,42.915,41.82,42.8125,125982000,0,1.0,0.0,0.0,0.0,41.8176,0.0
AAPL,2019-Feb-05,43.215,43.77,43.0875,43.545,144406400,0,1.0,0.0,0.0,0.0,42.5331,0.0
AAPL,2019-Feb-06,43.6625,43.8925,43.2125,43.56,112958400,0,1.0,0.0,0.0,0.0,42.5478,0.0
AAPL,2019-Feb-07,43.1,43.485,42.585,42.735,126966800,0,1.0,0.0,0.0,0.0,41.7419,0.0
AAPL,2019-Feb-08,42.2475,42.665,42.105,42.6025,95280000,0.1825,1.0,0.0,0.0,0.0,41.791,0.0
AAPL,2019-Feb-11,42.7625,42.8025,42.3125,42.3575,83973600,0,1.0,0.0,0.0,0.0,41.5506,0.0
AAPL,2019-Feb-12,42.525,42.75,42.425,42.7225,89134000,0,1.0,0.0,0.0,0.0,41.9087,0.0
AAPL,2019-Feb-13,42.8475,43.12,42.48,42.545,89960800,0,1.0,0.0,0.0,0.0,41.7346,0.0
AAPL,2019-Feb-14,42.4275,42.815,42.345,42.7,87342800,0,1.0,0.0,0.0,0.0,41.8866,0.0
AAPL,2019-Feb-15,42.8125,42.925,42.4375,42.605,98507200,0,1.0,0.0,0.0,0.0,41.7934,0.0
AAPL,2019-Feb-19,42.4275,42.86,42.3725,42.7325,75891200,0,1.0,0.0,0.0,0.0,41.9185,0.0
AAPL,2019-Feb-20,42.7975,43.33,42.7475,43.0075,104457600,0,1.0,0.0,0.0,0.0,42.1883,0.0
AAPL,2019-Feb-21,42.95,43.0925,42.575,42.765,68998800,0,1.0,0.0,0.0,0.0,41.9504,0.0
AAPL,2019-Feb-22,42.895,43.25,42.845,43.2425,75652800,0,1.0,0.0,0.0,0.0,42.4188,0.0
AAPL,2019-Feb-25,43.54,43.9675,43.4875,43.5575,87493600,0,1.0,0.0,0.0,0.0,42.7278,0.0
AAPL,2019-Feb-26,43.4275,43.825,43.2925,43.5825,68280800,0,1.0,0.0,0.0,0.0,42.7523,0.0
AAPL,2019-Feb-27,43.3025,43.75,43.1825,43.7175,111341600,0,1.0,0.0,0.0,0.0,42.8847,0.0
AAPL,2019-Feb-28,43.58,43.7275,43.23,43.2875,112861600,0,1.0,0.0,0.0,0.0,42.4629,0.0
AAPL,2019-Mar-01,43.57,43.7875,43.2225,43.7425,103544800,0,1.0,0.0,0.0,0.0,42.9093,0.0
AAPL,2019-Mar-04,43.9225,44.4375,43.4925,43.9625,109744800,0,1.0,0.0,0.0,0.0,43.1251,0.0
AAPL,2019-Mar-05,43.985,44,43.635,43.8825,78949600,0,1.0,0.0,0.0,0.0,43.0466,0.0
AAPL,2019-Mar-06,43.6675,43.8725,43.485,43.63,83241600,0,1.0,0.0,0.0,0.0,42.7989,0.0
AAPL,2019-Mar-07,43.4675,43.61,43.005,43.125,99185600,0,1.0,0.0,0.0,0.0,42.3035,0.0
AAPL,2019-Mar-08,42.58,43.2675,42.375,43.2275,95997600,0,1.0,0.0,0.0,0.0,42.4041,0.0
AAPL,2019-Mar-11,43.8725,44.78,43.8375,44.725,128044000,0,1.0,0.0,0.0,0.0,43.873,0.0
AAPL,2019-Mar-12,45,45.6675,44.8425,45.2275,129870400,0,1.0,0.0,0.0,0.0,44.366,0.0
AAPL,2019-Mar-13,45.5625,45.825,45.23,45.4275,124130000,0,1.0,0.0,0.0,0.0,44.5622,0.0
AAPL,2019-Mar-14,45.975,46.025,45.64,45.9325,94318000,0,1.0,0.0,0.0,0.0,45.0575,0.0
AAPL,2019-Mar-15,46.2125,46.8325,45.935,46.53,156171600,0,1.0,0.0,0.0,0.0,45.6437,0.0
AAPL,2019-Mar-18,46.45,47.0975,46.4475,47.005,104879200,0,1.0,0.0,0.0,0.0,46.1096,0.0
AAPL,2019-Mar-19,47.0875,47.2475,46.48,46.6325,126585600,0,1.0,0.0,0.0,0.0,45.7442,0.0
AAPL,2019-Mar-20,46.5575,47.3725,46.1825,47.04,124140800,0,1.0,0.0,0.0,0.0,46.1439,0.0
AAPL,2019-Mar-21,47.505,49.0825,47.4525,48.7725,204136800,0,1.0,0.0,0.0,0.0,47.8434,0.0
AAPL,2019-Mar-22,48.835,49.4225,47.695,47.7625,169630800,0,1.0,0.0,0.0,0.0,46.8527,0.0
AAPL,2019-Mar-25,47.8775,47.995,46.65,47.185,175381200,0,1.0,0.0,0.0,0.0,46.2862,0.0
AAPL,2019-Mar-26,47.915,48.22,46.145,46.6975,199202000,0,1.0,0.0,0.0,0.0,45.808,0.0
AAPL,2019-Mar-27,47.1875,47.44,46.6375,47.1175,119393600,0,1.0,0.0,0.0,0.0,46.22,0.0
AAPL,2019-Mar-28,47.2375,47.39,46.8825,47.18,83121600,0,1.0,0.0,0.0,0.0,46.2813,0.0
AAPL,2019-Mar-29,47.4575,47.52,47.135,47.4875,94256000,0,1.0,0.0,0.0,0.0,46.5829,0.0
AAPL,2019-Apr-01,47.91,47.92,47.095,47.81,111448000,0,1.0,0.0,0.0,0.0,46.8993,0.0
AAPL,2019-Apr-02,47.7725,48.615,47.7625,48.505,91062800,0,1.0,0.0,0.0,0.0,47.581,0.0
AAPL,2019-Apr-03,48.3125,49.125,48.2875,48.8375,93087200,0,1.0,0.0,0.0,0.0,47.9072,0.0
AAPL,2019-Apr-04,48.6975,49.0925,48.285,48.9225,76457200,0,1.0,0.0,0.0,0.0,47.9906,0.0
AAPL,2019-Apr-05,49.1125,49.275,48.9825,49.25,74106400,0,1.0,0.0,0.0,0.0,48.3118,0.0
AAPL,2019-Apr-08,49.105,50.0575,49.085,50.025,103526800,0,1.0,0.0,0.0,0.0,49.0721,0.0
AAPL,2019-Apr-09,50.08,50.7125,49.8075,49.875,143072800,0,1.0,0.0,0.0,0.0,48.9249,0.0
AAPL,2019-Apr-10,49.67,50.185,49.545,50.155,86781200,0,1.0,0.0,0.0,0.0,49.1996,0.0
AAPL,2019-Apr-11,50.2125,50.25,49.61,49.7375,83603200,0,1.0,0.0,0.0,0.0,48.7901,0.0
AAPL,2019-Apr-12,49.8,50.035,49.0525,49.7175,111042800,0,1.0,0.0,0.0,0.0,48.7704,0.0
AAPL,2019-Apr-15,49.645,49.9625,49.5025,49.8075,70146400,0,1.0,0.0,0.0,0.0,48.8587,0.0
AAPL,2019-Apr-16,49.865,50.3425,49.64,49.8125,102785600,0,1.0,0.0,0.0,0.0,48.8636,0.0
AAPL,2019-Apr-17,49.885,50.845,49.6525,50.7825,115627200,0,1.0,0.0,0.0,0.0,49.8152,0.0
AAPL,2019-Apr-18,50.78,51.0375,50.63,50.965,96783200,0,1.0,0.0,0.0,0.0,49.9942,0.0
AAPL,2019-Apr-22,50.7075,51.235,50.585,51.1325,77758000,0,1.0,0.0,0.0,0.0,50.1585,0.0
AAPL,2019-Apr-23,51.1075,51.9375,50.975,51.87,93292000,0,1.0,0.0,0.0,0.0,50.8819,0.0
AAPL,2019-Apr-24,51.84,52.12,51.7625,51.79,70162400,0,1.0,0.0,0.0,0.0,50.8035,0.0
AAPL,2019-Apr-25,51.7075,51.94,51.28,51.32,74172800,0,1.0,0.0,0.0,0.0,50.3424,0.0
AAPL,2019-Apr-26,51.225,51.25,50.53,51.075,74596400,0,1.0,0.0,0.0,0.0,50.1021,0.0
AAPL,2019-Apr-29,51.1,51.4925,50.965,51.1525,88818800,0,1.0,0.0,0.0,0.0,50.1781,0.0
AAPL,2019-Apr-30,50.765,50.85,49.7775,50.1675,186139600,0,1.0,0.0,0.0,0.0,49.2119,0.0
AAPL,2019-May-01,52.47,53.8275,52.3075,52.63,259309200,0,1.0,0.0,0.0,0.0,51.6275,0.0
AAPL,2019-May-02,52.46,53.1625,52.0325,52.2875,127985200,0,1.0,0.0,0.0,0.0,51.2915,0.0
AAPL,2019-May-03,52.7225,52.96,52.5575,52.9375,83569600,0,1.0,0.0,0.0,0.0,51.9291,0.0
AAPL,2019-May-06,51.0725,52.21,50.875,52.12,129772400,0,1.0,0.0,0.0,0.0,51.1272,0.0
AAPL,2019-May-07,51.47,51.855,50.2075,50.715,155054800,0,1.0,0.0,0.0,0.0,49.7489,0.0
AAPL,2019-May-08,50.475,51.335,50.4375,50.725,105358000,0,1.0,0.0,0.0,0.0,49.7587,0.0
AAPL,2019-May-09,50.1,50.42,49.165,50.18,139634400,0,1.0,0.0,0.0,0.0,49.2241,0.0
AAPL,2019-May-10,49.355,49.7125,48.1925,49.295,164834800,0.1925,1.0,0.0,0.0,0.0,48.5422,0.0
AAPL,2019-May-13,46.9275,47.37,45.7125,46.43,229722400,0,1.0,0.0,0.0,0.0,45.721,0.0
AAPL,2019-May-14,46.6025,47.425,46.3525,47.165,146118800,0,1.0,0.0,0.0,0.0,46.4447,0.0
AAPL,2019-May-15,46.5675,47.9375,46.505,47.73,106178800,0,1.0,0.0,0.0,0.0,47.0011,0.0
AAPL,2019-May-16,47.4775,48.1175,47.21,47.52,132125600,0,1.0,0.0,0.0,0.0,46.7943,0.0
AAPL,2019-May-17,46.7325,47.725,46.69,47.25,131516400,0,1.0,0.0,0.0,0.0,46.5284,0.0
AAPL,2019-May-20,45.88,46.0875,45.07,45.7725,154449200,0,1.0,0.0,0.0,0.0,45.0735,0.0
AAPL,2019-May-21,46.305,47,46.175,46.65,113459200,0,1.0,0.0,0.0,0.0,45.9376,0.0
AAPL,2019-May-22,46.165,46.4275,45.6375,45.695,118994400,0,1.0,0.0,0.0,0.0,44.9972,0.0
AAPL,2019-May-23,44.95,45.135,44.4525,44.915,146118800,0,1.0,0.0,0.0,0.0,44.2291,0.0
AAPL,2019-May-24,45.05,45.535,44.655,44.7425,94858800,0,1.0,0.0,0.0,0.0,44.0592,0.0
AAPL,2019-May-28,44.73,45.1475,44.4775,44.5575,111792800,0,1.0,0.0,0.0,0.0,43.8771,0.0
AAPL,2019-May-29,44.105,44.8375,44,44.345,113924800,0,1.0,0.0,0.0,0.0,43.6678,0.0
AAPL,2019-May-30,44.4875,44.8075,44.1675,44.575,84873600,0,1.0,0.0,0.0,0.0,43.8943,0.0
AAPL,2019-May-31,44.0575,44.4975,43.7475,43.7675,108174400,0,1.0,0.0,0.0,0.0,43.0991,0.0
AAPL,2019-Jun-03,43.9,44.48,42.5675,43.325,161584400,0,1.0,0.0,0.0,0.0,42.6634,0.0
AAPL,2019-Jun-04,43.86,44.9575,43.63,44.91,123872000,0,1.0,0.0,0.0,0.0,44.2242,0.0
AAPL,2019-Jun-05,46.07,46.2475,45.285,45.635,119093600,0,1.0,0.0,0.0,0.0,44.9381,0.0
AAPL,2019-Jun-06,45.77,46.3675,45.5375,46.305,90105200,0,1.0,0.0,0.0,0.0,45.5979,0.0
AAPL,2019-Jun-07,46.6275,47.98,46.4425,47.5375,122737600,0,1.0,0.0,0.0,0.0,46.8116,0.0
AAPL,2019-Jun-10,47.9525,48.8425,47.905,48.145,104883600,0,1.0,0.0,0.0,0.0,47.4098,0.0
AAPL,2019-Jun-11,48.715,49,48.4,48.7025,107731600,0,1.0,0.0,0.0,0.0,47.9588,0.0
AAPL,2019-Jun-12,48.4875,48.9925,48.3475,48.5475,73012800,0,1.0,0.0,0.0,0.0,47.8061,0.0
AAPL,2019-Jun-13,48.675,49.1975,48.4,48.5375,86698400,0,1.0,0.0,0.0,0.0,47.7963,0.0
AAPL,2019-Jun-14,47.8875,48.3975,47.575,48.185,75046000,0,1.0,0.0,0.0,0.0,47.4492,0.0
AAPL,2019-Jun-17,48.225,48.74,48.0425,48.4725,58676400,0,1.0,0.0,0.0,0.0,47.7323,0.0
AAPL,2019-Jun-18,49.0125,50.0725,48.8025,49.6125,106204000,0,1.0,0.0,0.0,0.0,48.8549,0.0
AAPL,2019-Jun-19,49.92,49.97,49.3275,49.4675,84496800,0,1.0,0.0,0.0,0.0,48.7121,0.0
AAPL,2019-Jun-20,50.0925,50.1525,49.5075,49.865,86056000,0,1.0,0.0,0.0,0.0,49.1035,0.0
AAPL,2019-Jun-21,49.7,50.2125,49.5375,49.695,191202400,0,1.0,0.0,0.0,0.0,48.9361,0.0
AAPL,2019-Jun-24,49.635,50.04,49.5425,49.645,72881600,0,1.0,0.0,0.0,0.0,48.8869,0.0
AAPL,2019-Jun-25,49.6075,49.815,48.8225,48.8925,84281200,0,1.0,0.0,0.0,0.0,48.1459,0.0
AAPL,2019-Jun-26,49.4425,50.2475,49.3375,49.95,104270000,0,1.0,0.0,0.0,0.0,49.1872,0.0
AAPL,2019-Jun-27,50.0725,50.3925,49.8925,49.935,83598800,0,1.0,0.0,0.0,0.0,49.1724,0.0
AAPL,2019-Jun-28,49.67,49.875,49.2625,49.48,124442400,0,1.0,0.0,0.0,0.0,48.7244,0.0
AAPL,2019-Jul-01,50.7925,51.1225,50.1625,50.3875,109012000,0,1.0,0.0,0.0,0.0,49.618,0.0
AAPL,2019-Jul-02,50.3525,50.7825,50.34,50.6825,67740800,0,1.0,0.0,0.0,0.0,49.9085,0.0
AAPL,2019-Jul-03,50.82,51.11,50.6725,51.1025,45448000,0,1.0,0.0,0.0,0.0,50.3221,0.0
AAPL,2019-Jul-05,50.8375,51.27,50.725,51.0575,69062000,0,1.0,0.0,0.0,0.0,50.2778,0.0
AAPL,2019-Jul-08,50.2025,50.35,49.6025,50.005,101354400,0,1.0,0.0,0.0,0.0,49.2414,0.0
AAPL,2019-Jul-09,49.8,50.3775,49.7025,50.31,82312000,0,1.0,0.0,0.0,0.0,49.5417,0.0
AAPL,2019-Jul-10,50.4625,50.9325,50.39,50.8075,71588400,0,1.0,0.0,0.0,0.0,50.0316,0.0
AAPL,2019-Jul-11,50.8275,51.0975,50.4275,50.4375,80767200,0,1.0,0.0,0.0,0.0,49.6673,0.0
AAPL,2019-Jul-12,50.6125,51,50.55,50.825,70380800,0,1.0,0.0,0.0,0.0,50.0488,0.0
AAPL,2019-Jul-15,51.0225,51.4675,51,51.3025,67789600,0,1.0,0.0,0.0,0.0,50.5191,0.0
AAPL,2019-Jul-16,51.1475,51.5275,50.875,51.125,67467200,0,1.0,0.0,0.0,0.0,50.3443,0.0
AAPL,2019-Jul-17,51.0125,51.2725,50.8175,50.8375,56430000,0,1.0,0.0,0.0,0.0,50.0612,0.0
AAPL,2019-Jul-18,51,51.47,50.925,51.415,74162400,0,1.0,0.0,0.0,0.0,50.6298,0.0
AAPL,2019-Jul-19,51.4475,51.625,50.59,50.6475,83717200,0,1.0,0.0,0.0,0.0,49.8741,0.0
AAPL,2019-Jul-22,50.9125,51.8075,50.9025,51.805,89111600,0,1.0,0.0,0.0,0.0,51.0139,0.0
AAPL,2019-Jul-23,52.115,52.2275,51.8225,52.21,73420800,0,1.0,0.0,0.0,0.0,51.4127,0.0
AAPL,2019-Jul-24,51.9175,52.2875,51.7925,52.1675,59966400,0,1.0,0.0,0.0,0.0,51.3708,0.0
AAPL,2019-Jul-25,52.2225,52.31,51.6825,51.755,55638400,0,1.0,0.0,0.0,0.0,50.9646,0.0
AAPL,2019-Jul-26,51.87,52.4325,51.785,51.935,70475600,0,1.0,0.0,0.0,0.0,51.1419,0.0
AAPL,2019-Jul-29,52.115,52.66,52.11,52.42,86693600,0,1.0,0.0,0.0,0.0,51.6195,0.0
AAPL,2019-Jul-30,52.19,52.54,51.8275,52.195,135742800,0,1.0,0.0,0.0,0.0,51.3979,0.0
AAPL,2019-Jul-31,54.105,55.3425,52.825,53.26,277125600,0,1.0,0.0,0.0,0.0,52.4467,0.0
AAPL,2019-Aug-01,53.475,54.5075,51.685,52.1075,216071600,0,1.0,0.0,0.0,0.0,51.3118,0.0
AAPL,2019-Aug-02,51.3825,51.6075,50.4075,51.005,163448400,0,1.0,0.0,0.0,0.0,50.2261,0.0
AAPL,2019-Aug-05,49.4975,49.6625,48.145,48.335,209572000,0,1.0,0.0,0.0,0.0,47.5969,0.0
AAPL,2019-Aug-06,49.0775,49.5175,48.51,49.25,143299200,0,1.0,0.0,0.0,0.0,48.4979,0.0
AAPL,2019-Aug-07,48.8525,49.89,48.455,49.76,133457600,0,1.0,0.0,0.0,0.0,49.0001,0.0
AAPL,2019-Aug-08,50.05,50.8825,49.8475,50.8575,108038000,0,1.0,0.0,0.0,0.0,50.0808,0.0
AAPL,2019-Aug-09,50.325,50.69,49.8225,50.2475,98478800,0.1925,1.0,0.0,0.0,0.0,49.6682,0.0
AAPL,2019-Aug-12,49.905,50.5125,49.7875,50.12,89927600,0,1.0,0.0,0.0,0.0,49.5421,0.0
AAPL,2019-Aug-13,50.255,53.035,50.12,52.2425,188874000,0,1.0,0.0,0.0,0.0,51.6402,0.0
AAPL,2019-Aug-14,50.79,51.61,50.6475,50.6875,146189600,0,1.0,0.0,0.0,0.0,50.1031,0.0
AAPL,2019-Aug-15,50.865,51.285,49.9175,50.435,108909600,0,1.0,0.0,0.0,0.0,49.8535,0.0
AAPL,2019-Aug-16,51.07,51.79,50.96,51.625,110481600,0,1.0,0.0,0.0,0.0,51.0298,0.0
AAPL,2019-Aug-19,52.655,53.1825,52.5075,52.5875,97654400,0,1.0,0.0,0.0,0.0,51.9812,0.0
AAPL,2019-Aug-20,52.72,53.3375,52.58,52.59,107537200,0,1.0,0.0,0.0,0.0,51.9837,0.0
AAPL,2019-Aug-21,53.2475,53.4125,52.9,53.16,86141600,0,1.0,0.0,0.0,0.0,52.5471,0.0
AAPL,2019-Aug-22,53.2975,53.61,52.6875,53.115,89014800,0,1.0,0.0,0.0,0.0,52.5026,0.0
AAPL,2019-Aug-23,52.3575,53.0125,50.25,50.66,187272000,0,1.0,0.0,0.0,0.0,50.0759,0.0
AAPL,2019-Aug-26,51.465,51.7975,51.265,51.6225,104174400,0,1.0,0.0,0.0,0.0,51.0273,0.0
AAPL,2019-Aug-27,51.965,52.1375,50.8825,51.04,103493200,0,1.0,0.0,0.0,0.0,50.4515,0.0
AAPL,2019-Aug-28,51.025,51.43,50.83,51.3825,63755200,0,1.0,0.0,0.0,0.0,50.7901,0.0
AAPL,2019-Aug-29,52.125,52.33,51.665,52.2525,83962000,0,1.0,0.0,0.0,0.0,51.65,0.0
AAPL,2019-Aug-30,52.54,52.6125,51.8,52.185,84573600,0,1.0,0.0,0.0,0.0,51.5833,0.0
AAPL,2019-Sep-03,51.6075,51.745,51.055,51.425,80092000,0,1.0,0.0,0.0,0.0,50.8321,0.0
AAPL,2019-Sep-04,52.0975,52.37,51.83,52.2975,76752400,0,1.0,0.0,0.0,0.0,51.6945,0.0
AAPL,2019-Sep-05,53,53.4925,52.8775,53.32,95654800,0,1.0,0.0,0.0,0.0,52.7052,0.0
AAPL,2019-Sep-06,53.5125,53.605,53.1275,53.315,77449200,0,1.0,0.0,0.0,0.0,52.7003,0.0
AAPL,2019-Sep-09,53.71,54.11,52.7675,53.5425,109237600,0,1.0,0.0,0.0,0.0,52.9252,0.0
AAPL,2019-Sep-10,53.465,54.195,52.9275,54.175,127111600,0,1.0,0.0,0.0,0.0,53.5504,0.0
AAPL,2019-Sep-11,54.5175,55.9275,54.4325,55.8975,177158400,0,1.0,0.0,0.0,0.0,55.253,0.0
AAPL,2019-Sep-12,56.2,56.605,55.715,55.7725,128906800,0,1.0,0.0,0.0,0.0,55.1295,0.0
AAPL,2019-Sep-13,55,55.1975,54.255,54.6875,159053200,0,1.0,0.0,0.0,0.0,54.057,0.0
AAPL,2019-Sep-16,54.4325,55.0325,54.39,54.975,84632400,0,1.0,0.0,0.0,0.0,54.3412,0.0
AAPL,2019-Sep-17,54.99,55.205,54.78,55.175,73274800,0,1.0,0.0,0.0,0.0,54.5388,0.0
AAPL,2019-Sep-18,55.265,55.7125,54.86,55.6925,101360000,0,1.0,0.0,0.0,0.0,55.0504,0.0
AAPL,2019-Sep-19,55.5025,55.94,55.0925,55.24,88242400,0,1.0,0.0,0.0,0.0,54.6031,0.0
AAPL,2019-Sep-20,55.345,55.64,54.3675,54.4325,221652400,0,1.0,0.0,0.0,0.0,53.8049,0.0
AAPL,2019-Sep-23,54.7375,54.96,54.4125,54.68,76662000,0,1.0,0.0,0.0,0.0,54.0496,0.0
AAPL,2019-Sep-24,55.2575,55.6225,54.2975,54.42,124763200,0,1.0,0.0,0.0,0.0,53.7925,0.0
AAPL,2019-Sep-25,54.6375,55.375,54.285,55.2575,87613600,0,1.0,0.0,0.0,0.0,54.6204,0.0
AAPL,2019-Sep-26,55,55.235,54.7075,54.9725,75334000,0,1.0,0.0,0.0,0.0,54.3387,0.0
AAPL,2019-Sep-27,55.135,55.24,54.32,54.705,101408000,0,1.0,0.0,0.0,0.0,54.0743,0.0
AAPL,2019-Sep-30,55.225,56.145,55.1975,55.9925,103909600,0,1.0,0.0,0.0,0.0,55.3469,0.0
AAPL,2019-Oct-01,56.2675,57.055,56.05,56.1475,139223200,0,1.0,0.0,0.0,0.0,55.5001,0.0
AAPL,2019-Oct-02,55.765,55.895,54.4825,54.74,138449200,0,1.0,0.0,0.0,0.0,54.1089,0.0
AAPL,2019-Oct-03,54.6075,55.24,53.7825,55.205,114426000,0,1.0,0.0,0.0,0.0,54.5685,0.0
AAPL,2019-Oct-04,56.41,56.8725,55.9725,56.7525,138478800,0,1.0,0.0,0.0,0.0,56.0982,0.0
AAPL,2019-Oct-07,56.5675,57.4825,56.46,56.765,122306000,0,1.0,0.0,0.0,0.0,56.1105,0.0
AAPL,2019-Oct-08,56.455,57.015,56.0825,56.1,111820000,0,1.0,0.0,0.0,0.0,55.4532,0.0
AAPL,2019-Oct-09,56.7575,56.9475,56.41,56.7575,74770400,0,1.0,0.0,0.0,0.0,56.1031,0.0
AAPL,2019-Oct-10,56.9825,57.61,56.825,57.5225,113013600,0,1.0,0.0,0.0,0.0,56.8593,0.0
AAPL,2019-Oct-11,58.2375,59.41,58.0775,59.0525,166795600,0,1.0,0.0,0.0,0.0,58.3716,0.0
AAPL,2019-Oct-14,58.725,59.5325,58.6675,58.9675,96427600,0,1.0,0.0,0.0,0.0,58.2876,0.0
AAPL,2019-Oct-15,59.0975,59.4125,58.72,58.83,87360000,0,1.0,0.0,0.0,0.0,58.1517,0.0
AAPL,2019-Oct-16,58.3425,58.81,58.3,58.5925,73903200,0,1.0,0.0,0.0,0.0,57.9169,0.0
AAPL,2019-Oct-17,58.7725,59.0375,58.38,58.82,67585200,0,1.0,0.0,0.0,0.0,58.1418,0.0
AAPL,2019-Oct-18,58.6475,59.395,58.5725,59.1025,97433600,0,1.0,0.0,0.0,0.0,58.4211,0.0
AAPL,2019-Oct-21,59.38,60.2475,59.33,60.1275,87247200,0,1.0,0.0,0.0,0.0,59.4342,0.0
AAPL,2019-Oct-22,60.29,60.55,59.905,59.99,82293600,0,1.0,0.0,0.0,0.0,59.2983,0.0
AAPL,2019-Oct-23,60.525,60.81,60.305,60.795,75828800,0,1.0,0.0,0.0,0.0,60.094,0.0
AAPL,2019-Oct-24,61.1275,61.2,60.4525,60.895,69275200,0,1.0,0.0,0.0,0.0,60.1929,0.0
AAPL,2019-Oct-25,60.79,61.6825,60.72,61.645,73477200,0,1.0,0.0,0.0,0.0,60.9343,0.0
AAPL,2019-Oct-28,61.855,62.3125,61.68,62.2625,96572800,0,1.0,0.0,0.0,0.0,61.5446,0.0
AAPL,2019-Oct-29,62.2425,62.4375,60.6425,60.8225,142839600,0,1.0,0.0,0.0,0.0,60.1212,0.0
AAPL,2019-Oct-30,61.19,61.325,60.3025,60.815,124522000,0,1.0,0.0,0.0,0.0,60.1138,0.0
AAPL,2019-Oct-31,61.81,62.2925,59.315,62.19,139162000,0,1.0,0.0,0.0,0.0,61.473,0.0
AAPL,2019-Nov-01,62.385,63.9825,62.29,63.955,151125200,0,1.0,0.0,0.0,0.0,63.2176,0.0
AAPL,2019-Nov-04,64.3325,64.4625,63.845,64.375,103272000,0,1.0,0.0,0.0,0.0,63.6328,0.0
AAPL,2019-Nov-05,64.2625,64.5475,64.08,64.2825,79897600,0,1.0,0.0,0.0,0.0,63.5413,0.0
AAPL,2019-Nov-06,64.1925,64.3725,63.8425,64.31,75864400,0,1.0,0.0,0.0,0.0,63.5685,0.0
AAPL,2019-Nov-07,64.685,65.0875,64.5275,64.8575,94940400,0.1925,1.0,0.0,0.0,0.0,64.3022,0.0
AAPL,2019-Nov-08,64.6725,65.11,64.2125,65.035,69986400,0,1.0,0.0,0.0,0.0,64.4782,0.0
AAPL,2019-Nov-11,64.575,65.6175,64.57,65.55,81821200,0,1.0,0.0,0.0,0.0,64.9888,0.0
AAPL,2019-Nov-12,65.3875,65.6975,65.23,65.49,87388800,0,1.0,0.0,0.0,0.0,64.9293,0.0
AAPL,2019-Nov-13,65.2825,66.195,65.2675,66.1175,102734400,0,1.0,0.0,0.0,0.0,65.5514,0.0
AAPL,2019-Nov-14,65.9375,66.22,65.525,65.66,89182800,0,1.0,0.0,0.0,0.0,65.0978,0.0
AAPL,2019-Nov-15,65.92,66.445,65.7525,66.44,100206400,0,1.0,0.0,0.0,0.0,65.8711,0.0
AAPL,2019-Nov-18,66.45,66.8575,66.0575,66.775,86703200,0,1.0,0.0,0.0,0.0,66.2033,0.0
AAPL,2019-Nov-19,66.975,67,66.3475,66.5725,76167200,0,1.0,0.0,0.0,0.0,66.0025,0.0
AAPL,2019-Nov-20,66.385,66.52,65.1,65.7975,106234400,0,1.0,0.0,0.0,0.0,65.2341,0.0
AAPL,2019-Nov-21,65.9225,66.0025,65.295,65.5025,121395200,0,1.0,0.0,0.0,0.0,64.9417,0.0
AAPL,2019-Nov-22,65.6475,65.795,65.21,65.445,65325200,0,1.0,0.0,0.0,0.0,64.8847,0.0
AAPL,2019-Nov-25,65.6775,66.61,65.63,66.5925,84020400,0,1.0,0.0,0.0,0.0,66.0223,0.0
AAPL,2019-Nov-26,66.735,66.79,65.625,66.0725,105207600,0,1.0,0.0,0.0,0.0,65.5068,0.0
AAPL,2019-Nov-27,66.395,66.995,66.3275,66.96,65235600,0,1.0,0.0,0.0,0.0,66.3867,0.0
AAPL,2019-Nov-29,66.65,67,66.475,66.8125,46617600,0,1.0,0.0,0.0,0.0,66.2404,0.0
AAPL,2019-Dec-02,66.8175,67.0625,65.8625,66.04,94487200,0,1.0,0.0,0.0,0.0,65.4746,0.0
AAPL,2019-Dec-03,64.5775,64.8825,64.0725,64.8625,114430400,0,1.0,0.0,0.0,0.0,64.3072,0.0
AAPL,2019-Dec-04,65.2675,65.8275,65.17,65.435,67181600,0,1.0,0.0,0.0,0.0,64.8747,0.0
AAPL,2019-Dec-05,65.9475,66.4725,65.6825,66.395,74424400,0,1.0,0.0,0.0,0.0,65.8265,0.0
AAPL,2019-Dec-06,66.87,67.75,66.825,67.6775,106075600,0,1.0,0.0,0.0,0.0,67.098,0.0
AAPL,2019-Dec-09,67.5,67.7,66.2275,66.73,128042400,0,1.0,0.0,0.0,0.0,66.1587,0.0
AAPL,2019-Dec-10,67.15,67.5175,66.465,67.12,90420400,0,1.0,0.0,0.0,0.0,66.5453,0.0
AAPL,2019-Dec-11,67.2025,67.775,67.125,67.6925,78756800,0,1.0,0.0,0.0,0.0,67.1129,0.0
AAPL,2019-Dec-12,66.945,68.14,66.83,67.865,137310400,0,1.0,0.0,0.0,0.0,67.2839,0.0
AAPL,2019-Dec-13,67.865,68.825,67.7325,68.7875,133587600,0,1.0,0.0,0.0,0.0,68.1985,0.0
AAPL,2019-Dec-16,69.25,70.1975,69.245,69.965,128186000,0,1.0,0.0,0.0,0.0,69.366,0.0
AAPL,2019-Dec-17,69.8925,70.4425,69.7,70.1025,114158400,0,1.0,0.0,0.0,0.0,69.5023,0.0
AAPL,2019-Dec-18,69.95,70.475,69.78,69.935,116028400,0,1.0,0.0,0.0,0.0,69.3362,0.0
AAPL,2019-Dec-19,69.875,70.295,69.7375,70.005,98369200,0,1.0,0.0,0.0,0.0,69.4056,0.0
AAPL,2019-Dec-20,70.5575,70.6625,69.64,69.86,275978000,0,1.0,0.0,0.0,0.0,69.2619,0.0
AAPL,2019-Dec-23,70.1325,71.0625,70.0925,71,98572000,0,1.0,0.0,0.0,0.0,70.3921,0.0
AAPL,2019-Dec-24,71.1725,71.2225,70.73,71.0675,48478800,0,1.0,0.0,0.0,0.0,70.459,0.0
AAPL,2019-Dec-26,71.205,72.495,71.175,72.4775,93121200,0,1.0,0.0,0.0,0.0,71.8569,0.0
AAPL,2019-Dec-27,72.78,73.4925,72.03,72.45,146266000,0,1.0,0.0,0.0,0.0,71.8297,0.0
AAPL,2019-Dec-30,72.365,73.1725,71.305,72.88,144114400,0,1.0,0.0,0.0,0.0,72.256,0.0
AAPL,2019-Dec-31,72.4825,73.42,72.38,73.4125,100805600,0,1.0,0.0,0.0,0.0,72.7839,0.0
AAPL,2020-Jan-02,74.06,75.15,73.7975,75.0875,135480400,0,1.0,0.0,0.0,0.0,74.4446,0.0
AAPL,2020-Jan-03,74.2875,75.145,74.125,74.3575,146322800,0,1.0,0.0,0.0,0.0,73.7208,0.0
AAPL,2020-Jan-06,73.4475,74.99,73.1875,74.95,118387200,0,1.0,0.0,0.0,0.0,74.3083,0.0
AAPL,2020-Jan-07,74.96,75.225,74.37,74.5975,108872000,0,1.0,0.0,0.0,0.0,73.9588,0.0
AAPL,2020-Jan-08,74.29,76.11,74.29,75.7975,132079200,0,1.0,0.0,0.0,0.0,75.1485,0.0
AAPL,2020-Jan-09,76.81,77.6075,76.55,77.4075,170108400,0,1.0,0.0,0.0,0.0,76.7447,0.0
AAPL,2020-Jan-10,77.65,78.1675,77.0625,77.5825,140644800,0,1.0,0.0,0.0,0.0,76.9182,0.0
AAPL,2020-Jan-13,77.91,79.2675,77.7875,79.24,121532000,0,1.0,0.0,0.0,0.0,78.5615,0.0
AAPL,2020-Jan-14,79.175,79.3925,78.0425,78.17,161954400,0,1.0,0.0,0.0,0.0,77.5007,0.0
AAPL,2020-Jan-15,77.9625,78.875,77.3875,77.835,121923600,0,1.0,0.0,0.0,0.0,77.1686,0.0
AAPL,2020-Jan-16,78.3975,78.925,78.0225,78.81,108829200,0,1.0,0.0,0.0,0.0,78.1352,0.0
AAPL,2020-Jan-17,79.0675,79.685,78.75,79.6825,137816400,0,1.0,0.0,0.0,0.0,79.0002,0.0
AAPL,2020-Jan-21,79.2975,79.755,79,79.1425,110843200,0,1.0,0.0,0.0,0.0,78.4649,0.0
AAPL,2020-Jan-22,79.645,79.9975,79.3275,79.425,101832400,0,1.0,0.0,0.0,0.0,78.745,0.0
AAPL,2020-Jan-23,79.48,79.89,78.9125,79.8075,104472000,0,1.0,0.0,0.0,0.0,79.1242,0.0
AAPL,2020-Jan-24,80.0625,80.8325,79.38,79.5775,146537600,0,1.0,0.0,0.0,0.0,78.8961,0.0
AAPL,2020-Jan-27,77.515,77.9425,76.22,77.2375,161940000,0,1.0,0.0,0.0,0.0,76.5762,0.0
AAPL,2020-Jan-28,78.15,79.6,78.0475,79.4225,162234000,0,1.0,0.0,0.0,0.0,78.7425,0.0
AAPL,2020-Jan-29,81.1125,81.9625,80.345,81.085,216229200,0,1.0,0.0,0.0,0.0,80.3907,0.0
AAPL,2020-Jan-30,80.135,81.0225,79.6875,80.9675,126743200,0,1.0,0.0,0.0,0.0,80.2742,0.0
AAPL,2020-Jan-31,80.2325,80.67,77.0725,77.3775,199588400,0,1.0,0.0,0.0,0.0,76.715,0.0
AAPL,2020-Feb-03,76.075,78.3725,75.555,77.165,173985600,0,1.0,0.0,0.0,0.0,76.5043,0.0
AAPL,2020-Feb-04,78.8275,79.91,78.4075,79.7125,136616400,0,1.0,0.0,0.0,0.0,79.03,0.0
AAPL,2020-Feb-05,80.88,81.19,79.7375,80.3625,118826800,0,1.0,0.0,0.0,0.0,79.6744,0.0
AAPL,2020-Feb-06,80.6425,81.305,80.065,81.3025,105425600,0,1.0,0.0,0.0,0.0,80.6064,0.0
AAPL,2020-Feb-07,80.5925,80.85,79.5,80.0075,117684000,0.1925,1.0,0.0,0.0,0.0,79.5107,0.0
AAPL,2020-Feb-10,78.545,80.3875,78.4625,80.3875,109348800,0,1.0,0.0,0.0,0.0,79.8884,0.0
AAPL,2020-Feb-11,80.9,80.975,79.6775,79.9025,94323200,0,1.0,0.0,0.0,0.0,79.4064,0.0
AAPL,2020-Feb-12,80.3675,81.805,80.3675,81.8,113730400,0,1.0,0.0,0.0,0.0,81.2921,0.0
AAPL,2020-Feb-13,81.0475,81.555,80.8375,81.2175,94747600,0,1.0,0.0,0.0,0.0,80.7132,0.0
AAPL,2020-Feb-14,81.185,81.495,80.7125,81.2375,80113600,0,1.0,0.0,0.0,0.0,80.7331,0.0
AAPL,2020-Feb-18,78.84,79.9375,78.6525,79.75,152531200,0,1.0,0.0,0.0,0.0,79.2548,0.0
AAPL,2020-Feb-19,80,81.1425,80,80.905,93984000,0,1.0,0.0,0.0,0.0,80.4026,0.0
AAPL,2020-Feb-20,80.6575,81.1625,79.5525,80.075,100566000,0,1.0,0.0,0.0,0.0,79.5778,0.0
AAPL,2020-Feb-21,79.655,80.1125,77.625,78.2625,129554000,0,1.0,0.0,0.0,0.0,77.7766,0.0
AAPL,2020-Feb-24,74.315,76.045,72.3075,74.545,222195200,0,1.0,0.0,0.0,0.0,74.0821,0.0
AAPL,2020-Feb-25,75.2375,75.6325,71.5325,72.02,230673600,0,1.0,0.0,0.0,0.0,71.5728,0.0
AAPL,2020-Feb-26,71.6325,74.47,71.625,73.1625,198054800,0,1.0,0.0,0.0,0.0,72.7082,0.0
AAPL,2020-Feb-27,70.275,71.5,68.24,68.38,320605600,0,1.0,0.0,0.0,0.0,67.9554,0.0
AAPL,2020-Feb-28,64.315,69.6025,64.0925,68.34,426884800,0,1.0,0.0,0.0,0.0,67.9157,0.0
AAPL,2020-Mar-02,70.57,75.36,69.43,74.7025,341397200,0,1.0,0.0,0.0,0.0,74.2387,0.0
AAPL,2020-Mar-03,75.9175,76,71.45,72.33,319475600,0,1.0,0.0,0.0,0.0,71.8809,0.0
AAPL,2020-Mar-04,74.11,75.85,73.2825,75.685,219178400,0,1.0,0.0,0.0,0.0,75.2151,0.0
AAPL,2020-Mar-05,73.88,74.8875,72.8525,73.23,187572800,0,1.0,0.0,0.0,0.0,72.7753,0.0
AAPL,2020-Mar-06,70.5,72.705,70.3075,72.2575,226176800,0,1.0,0.0,0.0,0.0,71.8088,0.0
AAPL,2020-Mar-09,65.9375,69.5225,65.75,66.5425,286744800,0,1.0,0.0,0.0,0.0,66.1293,0.0
AAPL,2020-Mar-10,69.285,71.61,67.3425,71.335,285290000,0,1.0,0.0,0.0,0.0,70.8921,0.0
AAPL,2020-Mar-11,69.3475,70.305,67.965,68.8575,255598800,0,1.0,0.0,0.0,0.0,68.43,0.0
AAPL,2020-Mar-12,63.985,67.5,62,62.0575,418474000,0,1.0,0.0,0.0,0.0,61.6722,0.0
AAPL,2020-Mar-13,66.2225,69.98,63.2375,69.4925,370732000,0,1.0,0.0,0.0,0.0,69.061,0.0
AAPL,2020-Mar-16,60.4875,64.77,60,60.5525,322423600,0,1.0,0.0,0.0,0.0,60.1765,0.0
AAPL,2020-Mar-17,61.8775,64.4025,59.6,63.215,324056000,0,1.0,0.0,0.0,0.0,62.8225,0.0
AAPL,2020-Mar-18,59.9425,62.5,59.28,61.6675,300233600,0,1.0,0.0,0.0,0.0,61.2846,0.0
AAPL,2020-Mar-19,61.8475,63.21,60.6525,61.195,271857200,0,1.0,0.0,0.0,0.0,60.815,0.0
AAPL,2020-Mar-20,61.795,62.9575,57,57.31,401693200,0,1.0,0.0,0.0,0.0,56.9542,0.0
AAPL,2020-Mar-23,57.02,57.125,53.1525,56.0925,336752800,0,1.0,0.0,0.0,0.0,55.7442,0.0
AAPL,2020-Mar-24,59.09,61.9225,58.575,61.72,287531200,0,1.0,0.0,0.0,0.0,61.3368,0.0
AAPL,2020-Mar-25,62.6875,64.5625,61.075,61.38,303602000,0,1.0,0.0,0.0,0.0,60.9989,0.0
AAPL,2020-Mar-26,61.63,64.67,61.59,64.61,252087200,0,1.0,0.0,0.0,0.0,64.2088,0.0
AAPL,2020-Mar-27,63.1875,63.9675,61.7625,61.935,204216800,0,1.0,0.0,0.0,0.0,61.5504,0.0
AAPL,2020-Mar-30,62.685,63.88,62.35,63.7025,167976400,0,1.0,0.0,0.0,0.0,63.307,0.0
AAPL,2020-Mar-31,63.9,65.6225,63,63.5725,197002000,0,1.0,0.0,0.0,0.0,63.1778,0.0
AAPL,2020-Apr-01,61.625,62.18,59.7825,60.2275,176218400,0,1.0,0.0,0.0,0.0,59.8535,0.0
AAPL,2020-Apr-02,60.085,61.2875,59.225,61.2325,165934000,0,1.0,0.0,0.0,0.0,60.8523,0.0
AAPL,2020-Apr-03,60.7,61.425,59.7425,60.3525,129880000,0,1.0,0.0,0.0,0.0,59.9778,0.0
AAPL,2020-Apr-06,62.725,65.7775,62.345,65.6175,201820400,0,1.0,0.0,0.0,0.0,65.2101,0.0
AAPL,2020-Apr-07,67.7,67.925,64.75,64.8575,202887200,0,1.0,0.0,0.0,0.0,64.4548,0.0
AAPL,2020-Apr-08,65.685,66.8425,65.3075,66.5175,168895200,0,1.0,0.0,0.0,0.0,66.1045,0.0
AAPL,2020-Apr-09,67.175,67.5175,66.175,66.9975,162116400,0,1.0,0.0,0.0,0.0,66.5815,0.0
AAPL,2020-Apr-13,67.0775,68.425,66.4575,68.3125,131022800,0,1.0,0.0,0.0,0.0,67.8883,0.0
AAPL,2020-Apr-14,70,72.0625,69.5125,71.7625,194994800,0,1.0,0.0,0.0,0.0,71.3169,0.0
AAPL,2020-Apr-15,70.6,71.5825,70.1575,71.1075,131154400,0,1.0,0.0,0.0,0.0,70.666,0.0
AAPL,2020-Apr-16,71.845,72.05,70.5875,71.6725,157125200,0,1.0,0.0,0.0,0.0,71.2275,0.0
AAPL,2020-Apr-17,71.1725,71.7375,69.215,70.7,215250000,0,1.0,0.0,0.0,0.0,70.261,0.0
AAPL,2020-Apr-20,69.4875,70.42,69.2125,69.2325,130015200,0,1.0,0.0,0.0,0.0,68.8026,0.0
AAPL,2020-Apr-21,69.07,69.3125,66.3575,67.0925,180991600,0,1.0,0.0,0.0,0.0,66.6759,0.0
AAPL,2020-Apr-22,68.4025,69.475,68.05,69.025,117057200,0,1.0,0.0,0.0,0.0,68.5964,0.0
AAPL,2020-Apr-23,68.9675,70.4375,68.7175,68.7575,124814400,0,1.0,0.0,0.0,0.0,68.3306,0.0
AAPL,2020-Apr-24,69.3,70.7525,69.25,70.7425,126508800,0,1.0,0.0,0.0,0.0,70.3033,0.0
AAPL,2020-Apr-27,70.45,71.135,69.9875,70.7925,117087600,0,1.0,0.0,0.0,0.0,70.3529,0.0
AAPL,2020-Apr-28,71.27,71.4575,69.55,69.645,112004800,0,1.0,0.0,0.0,0.0,69.2126,0.0
AAPL,2020-Apr-29,71.1825,72.4175,70.9725,71.9325,137280800,0,1.0,0.0,0.0,0.0,71.4859,0.0
AAPL,2020-Apr-30,72.49,73.6325,72.0875,73.45,183064000,0,1.0,0.0,0.0,0.0,72.9939,0.0
AAPL,2020-May-01,71.5625,74.75,71.4625,72.2675,240616800,0,1.0,0.0,0.0,0.0,71.8188,0.0
AAPL,2020-May-04,72.2925,73.4225,71.58,73.29,133568000,0,1.0,0.0,0.0,0.0,72.8349,0.0
AAPL,2020-May-05,73.765,75.25,73.615,74.39,147751200,0,1.0,0.0,0.0,0.0,73.9281,0.0
AAPL,2020-May-06,75.115,75.81,74.7175,75.1575,142333600,0,1.0,0.0,0.0,0.0,74.6908,0.0
AAPL,2020-May-07,75.805,76.2925,75.4925,75.935,115215200,0,1.0,0.0,0.0,0.0,75.4635,0.0
AAPL,2020-May-08,76.41,77.5875,76.0725,77.5325,134048000,0.205,1.0,0.0,0.0,0.0,77.2597,0.0
AAPL,2020-May-11,77.025,79.2625,76.81,78.7525,145946400,0,1.0,0.0,0.0,0.0,78.4754,0.0
AAPL,2020-May-12,79.4575,79.9225,77.7275,77.8525,162301200,0,1.0,0.0,0.0,0.0,77.5785,0.0
AAPL,2020-May-13,78.0375,78.9875,75.8025,76.9125,200622400,0,1.0,0.0,0.0,0.0,76.6419,0.0
AAPL,2020-May-14,76.1275,77.4475,75.3825,77.385,158929200,0,1.0,0.0,0.0,0.0,77.1127,0.0
AAPL,2020-May-15,75.0875,76.975,75.0525,76.9275,166348400,0,1.0,0.0,0.0,0.0,76.6568,0.0
AAPL,2020-May-18,78.2925,79.125,77.58,78.74,135372400,0,1.0,0.0,0.0,0.0,78.4629,0.0
AAPL,2020-May-19,78.7575,79.63,78.2525,78.285,101729600,0,1.0,0.0,0.0,0.0,78.0095,0.0
AAPL,2020-May-20,79.17,79.88,79.13,79.8075,111504800,0,1.0,0.0,0.0,0.0,79.5267,0.0
AAPL,2020-May-21,79.665,80.2225,78.9675,79.2125,102688800,0,1.0,0.0,0.0,0.0,78.9338,0.0
AAPL,2020-May-22,78.9425,79.8075,78.8375,79.7225,81803200,0,1.0,0.0,0.0,0.0,79.442,0.0
AAPL,2020-May-26,80.875,81.06,79.125,79.1825,125522000,0,1.0,0.0,0.0,0.0,78.9039,0.0
AAPL,2020-May-27,79.035,79.6775,78.2725,79.5275,112945200,0,1.0,0.0,0.0,0.0,79.2476,0.0
AAPL,2020-May-28,79.1925,80.86,78.9075,79.5625,133560800,0,1.0,0.0,0.0,0.0,79.2825,0.0
AAPL,2020-May-29,79.8125,80.2875,79.1175,79.485,153598000,0,1.0,0.0,0.0,0.0,79.2053,0.0
AAPL,2020-Jun-01,79.4375,80.5875,79.3025,80.4625,80791200,0,1.0,0.0,0.0,0.0,80.1794,0.0
AAPL,2020-Jun-02,80.1875,80.86,79.7325,80.835,87642800,0,1.0,0.0,0.0,0.0,80.5505,0.0
AAPL,2020-Jun-03,81.165,81.55,80.575,81.28,104491200,0,1.0,0.0,0.0,0.0,80.994,0.0
AAPL,2020-Jun-04,81.0975,81.405,80.195,80.58,87560400,0,1.0,0.0,0.0,0.0,80.2964,0.0
AAPL,2020-Jun-05,80.8375,82.9375,80.8075,82.875,137250400,0,1.0,0.0,0.0,0.0,82.5834,0.0
AAPL,2020-Jun-08,82.5625,83.4,81.83,83.365,95654400,0,1.0,0.0,0.0,0.0,83.0716,0.0
AAPL,2020-Jun-09,83.035,86.4025,83.0025,85.9975,147712400,0,1.0,0.0,0.0,0.0,85.6949,0.0
AMZN,2018-Dec-12,1669,1704.99,1660.27,1663.54,6598000,nan,1.0,0.0,0.0,0.0,1663.54,0.0
AMZN,2018-Dec-13,1680,1692.12,1641.5,1658.38,5271300,0,1.0,0.0,0.0,0.0,1658.38,0.0
AMZN,2018-Dec-14,1638,1642.57,1585,1591.91,6367200,0,1.0,0.0,0.0,0.0,1591.91,0.0
AMZN,2018-Dec-17,1566,1576.13,1505.01,1520.91,8829800,0,1.0,0.0,0.0,0.0,1520.91,0.0
AMZN,2018-Dec-18,1540,1567.55,1523.01,1551.48,6523000,0,1.0,0.0,0.0,0.0,1551.48,0.0
AMZN,2018-Dec-19,1543.05,1584.53,1483.18,1495.08,8792200,0,1.0,0.0,0.0,0.0,1495.08,0.0
AMZN,2018-Dec-20,1484,1509.5,1432.69,1460.83,9991800,0,1.0,0.0,0.0,0.0,1460.83,0.0
AMZN,2018-Dec-21,1464.99,1480,1363.96,1377.45,13640300,0,1.0,0.0,0.0,0.0,1377.45,0.0
AMZN,2018-Dec-24,1346,1396.03,1307,1343.96,7220000,0,1.0,0.0,0.0,0.0,1343.96,0.0
AMZN,2018-Dec-26,1368.89,1473.16,1363.01,1470.9,10411800,0,1.0,0.0,0.0,0.0,1470.9,0.0
AMZN,2018-Dec-27,1454.2,1469,1390.31,1461.64,9722000,0,1.0,0.0,0.0,0.0,1461.64,0.0
AMZN,2018-Dec-28,1473.35,1513.47,1449,1478.02,8829000,0,1.0,0.0,0.0,0.0,1478.02,0.0
AMZN,2018-Dec-31,1510.8,1520.76,1487,1501.97,6954500,0,1.0,0.0,0.0,0.0,1501.97,0.0
AMZN,2019-Jan-02,1465.2,1553.36,1460.93,1539.13,7983100,0,1.0,0.0,0.0,0.0,1539.13,0.0
AMZN,2019-Jan-03,1520.01,1538,1497.11,1500.28,6975600,0,1.0,0.0,0.0,0.0,1500.28,0.0
AMZN,2019-Jan-04,1530,1594,1518.31,1575.39,9182600,0,1.0,0.0,0.0,0.0,1575.39,0.0
AMZN,2019-Jan-07,1602.31,1634.56,1589.19,1629.51,7993200,0,1.0,0.0,0.0,0.0,1629.51,0.0
AMZN,2019-Jan-08,1664.69,1676.61,1616.61,1656.58,8881400,0,1.0,0.0,0.0,0.0,1656.58,0.0
AMZN,2019-Jan-09,1652.98,1667.8,1641.4,1659.42,6348800,0,1.0,0.0,0.0,0.0,1659.42,0.0
AMZN,2019-Jan-10,1641.01,1663.25,1621.62,1656.22,6507700,0,1.0,0.0,0.0,0.0,1656.22,0.0
AMZN,2019-Jan-11,1640.55,1660.29,1636.22,1640.56,4686200,0,1.0,0.0,0.0,0.0,1640.56,0.0
AMZN,2019-Jan-14,1615,1648.2,1595.15,1617.21,6005900,0,1.0,0.0,0.0,0.0,1617.21,0.0
AMZN,2019-Jan-15,1632,1675.16,1626.01,1674.56,5998500,0,1.0,0.0,0.0,0.0,1674.56,0.0
AMZN,2019-Jan-16,1684.22,1705,1675.88,1683.78,6366900,0,1.0,0.0,0.0,0.0,1683.78,0.0
AMZN,2019-Jan-17,1680,1700.17,1677.5,1693.22,4208900,0,1.0,0.0,0.0,0.0,1693.22,0.0
AMZN,2019-Jan-18,1712,1716.2,1691.54,1696.2,6020500,0,1.0,0.0,0.0,0.0,1696.2,0.0
AMZN,2019-Jan-22,1681,1681.87,1610.2,1632.17,6416800,0,1.0,0.0,0.0,0.0,1632.17,0.0
AMZN,2019-Jan-23,1656,1657.43,1612,1640.02,5225200,0,1.0,0.0,0.0,0.0,1640.02,0.0
AMZN,2019-Jan-24,1641.07,1657.26,1631.78,1654.93,4089900,0,1.0,0.0,0.0,0.0,1654.93,0.0
AMZN,2019-Jan-25,1670.5,1683.48,1661.61,1670.57,4945900,0,1.0,0.0,0.0,0.0,1670.57,0.0
AMZN,2019-Jan-28,1643.59,1645,1614.09,1637.89,4837700,0,1.0,0.0,0.0,0.0,1637.89,0.0
AMZN,2019-Jan-29,1631.27,1632.38,1590.72,1593.88,4632800,0,1.0,0.0,0.0,0.0,1593.88,0.0
AMZN,2019-Jan-30,1623,1676.95,1619.68,1670.43,5783800,0,1.0,0.0,0.0,0.0,1670.43,0.0
AMZN,2019-Jan-31,1692.85,1736.41,1679.08,1718.73,10910300,0,1.0,0.0,0.0,0.0,1718.73,0.0
AMZN,2019-Feb-01,1638.88,1673.06,1622.01,1626.23,11506200,0,1.0,0.0,0.0,0.0,1626.23,0.0
AMZN,2019-Feb-04,1623,1649.63,1613.5,1633.31,4929100,0,1.0,0.0,0.0,0.0,1633.31,0.0
AMZN,2019-Feb-05,1643.34,1665.26,1642.5,1658.81,4453100,0,1.0,0.0,0.0,0.0,1658.81,0.0
AMZN,2019-Feb-06,1670.75,1672.26,1633.34,1640.26,3939900,0,1.0,0.0,0.0,0.0,1640.26,0.0
AMZN,2019-Feb-07,1625,1625.54,1592.91,1614.37,4626600,0,1.0,0.0,0.0,0.0,1614.37,0.0
AMZN,2019-Feb-08,1586,1588.59,1566.76,1588.22,5657500,0,1.0,0.0,0.0,0.0,1588.22,0.0
AMZN,2019-Feb-11,1600.98,1609.29,1586,1591,3317300,0,1.0,0.0,0.0,0.0,1591,0.0
AMZN,2019-Feb-12,1604,1639.4,1598.88,1638.01,4858600,0,1.0,0.0,0.0,0.0,1638.01,0.0
AMZN,2019-Feb-13,1647,1656.38,1637.11,1640,3560300,0,1.0,0.0,0.0,0.0,1640,0.0
AMZN,2019-Feb-14,1624.5,1637.9,1606.06,1622.65,4120500,0,1.0,0.0,0.0,0.0,1622.65,0.0
AMZN,2019-Feb-15,1627.86,1628.91,1604.5,1607.95,4343900,0,1.0,0.0,0.0,0.0,1607.95,0.0
AMZN,2019-Feb-19,1601,1634,1600.56,1627.58,3681700,0,1.0,0.0,0.0,0.0,1627.58,0.0
AMZN,2019-Feb-20,1630,1634.93,1610.12,1622.1,3337600,0,1.0,0.0,0.0,0.0,1622.1,0.0
AMZN,2019-Feb-21,1619.85,1623.56,1600.91,1619.44,3483400,0,1.0,0.0,0.0,0.0,1619.44,0.0
AMZN,2019-Feb-22,1623.5,1634.94,1621.17,1631.56,3096200,0,1.0,0.0,0.0,0.0,1631.56,0.0
AMZN,2019-Feb-25,1641.45,1654.6,1630.39,1633,3184500,0,1.0,0.0,0.0,0.0,1633,0.0
AMZN,2019-Feb-26,1625.98,1639.99,1616.13,1636.4,2665800,0,1.0,0.0,0.0,0.0,1636.4,0.0
AMZN,2019-Feb-27,1628.18,1641.81,1615.1,1641.09,3148800,0,1.0,0.0,0.0,0.0,1641.09,0.0
AMZN,2019-Feb-28,1635.25,1651.77,1633.83,1639.83,3025900,0,1.0,0.0,0.0,0.0,1639.83,0.0
AMZN,2019-Mar-01,1655.13,1674.26,1651,1671.73,4974900,0,1.0,0.0,0.0,0.0,1671.73,0.0
AMZN,2019-Mar-04,1685,1709.43,1674.36,1696.17,6167400,0,1.0,0.0,0.0,0.0,1696.17,0.0
AMZN,2019-Mar-05,1702.95,1707.8,1689.01,1692.43,3681500,0,1.0,0.0,0.0,0.0,1692.43,0.0
AMZN,2019-Mar-06,1695.97,1697.75,1668.28,1668.95,3996000,0,1.0,0.0,0.0,0.0,1668.95,0.0
AMZN,2019-Mar-07,1667.37,1669.75,1620.51,1625.95,4957000,0,1.0,0.0,0.0,0.0,1625.95,0.0
AMZN,2019-Mar-08,1604.01,1622.72,1586.57,1620.8,4667000,0,1.0,0.0,0.0,0.0,1620.8,0.0
AMZN,2019-Mar-11,1626.12,1672.29,1626.01,1670.62,3876400,0,1.0,0.0,0.0,0.0,1670.62,0.0
AMZN,2019-Mar-12,1669,1684.27,1660.98,1673.1,3614500,0,1.0,0.0,0.0,0.0,1673.1,0.0
AMZN,2019-Mar-13,1683,1700,1679.35,1690.81,3552000,0,1.0,0.0,0.0,0.0,1690.81,0.0
AMZN,2019-Mar-14,1691.2,1702,1684.34,1686.22,2946600,0,1.0,0.0,0.0,0.0,1686.22,0.0
AMZN,2019-Mar-15,1703,1718.8,1693.13,1712.36,7550900,0,1.0,0.0,0.0,0.0,1712.36,0.0
AMZN,2019-Mar-18,1712.7,1750,1712.63,1742.15,5429100,0,1.0,0.0,0.0,0.0,1742.15,0.0
AMZN,2019-Mar-19,1753.51,1784.16,1753.51,1761.85,6364200,0,1.0,0.0,0.0,0.0,1761.85,0.0
AMZN,2019-Mar-20,1769.94,1799.5,1767.03,1797.27,6265600,0,1.0,0.0,0.0,0.0,1797.27,0.0
AMZN,2019-Mar-21,1796.26,1823.75,1787.28,1819.26,5767800,0,1.0,0.0,0.0,0.0,1819.26,0.0
AMZN,2019-Mar-22,1810.17,1818.98,1763.11,1764.77,6363000,0,1.0,0.0,0.0,0.0,1764.77,0.0
AMZN,2019-Mar-25,1757.79,1782.68,1747.5,1774.26,5103800,0,1.0,0.0,0.0,0.0,1774.26,0.0
AMZN,2019-Mar-26,1793,1805.77,1773.36,1783.76,4865900,0,1.0,0.0,0.0,0.0,1783.76,0.0
AMZN,2019-Mar-27,1784.13,1787.5,1745.68,1765.7,4324800,0,1.0,0.0,0.0,0.0,1765.7,0.0
AMZN,2019-Mar-28,1770,1777.93,1753.47,1773.42,3043000,0,1.0,0.0,0.0,0.0,1773.42,0.0
AMZN,2019-Mar-29,1786.58,1792.86,1776.63,1780.75,3320800,0,1.0,0.0,0.0,0.0,1780.75,0.0
AMZN,2019-Apr-01,1800.11,1815.67,1798.73,1814.19,4238800,0,1.0,0.0,0.0,0.0,1814.19,0.0
AMZN,2019-Apr-02,1811.02,1820,1805.12,1813.98,3448100,0,1.0,0.0,0.0,0.0,1813.98,0.0
AMZN,2019-Apr-03,1826.72,1830,1809.62,1820.7,3980600,0,1.0,0.0,0.0,0.0,1820.7,0.0
AMZN,2019-Apr-04,1820.65,1828.75,1804.2,1818.86,3623900,0,1.0,0.0,0.0,0.0,1818.86,0.0
AMZN,2019-Apr-05,1829,1838.58,1825.19,1837.28,3640500,0,1.0,0.0,0.0,0.0,1837.28,0.0
AMZN,2019-Apr-08,1833.23,1850.2,1825.11,1849.86,3752800,0,1.0,0.0,0.0,0.0,1849.86,0.0
AMZN,2019-Apr-09,1845.49,1853.09,1831.78,1835.84,3714400,0,1.0,0.0,0.0,0.0,1835.84,0.0
AMZN,2019-Apr-10,1841,1848,1828.81,1847.33,2964000,0,1.0,0.0,0.0,0.0,1847.33,0.0
AMZN,2019-Apr-11,1848.7,1849.95,1840.31,1844.07,2654800,0,1.0,0.0,0.0,0.0,1844.07,0.0
AMZN,2019-Apr-12,1848.4,1851.5,1841.3,1843.06,3114400,0,1.0,0.0,0.0,0.0,1843.06,0.0
AMZN,2019-Apr-15,1842,1846.85,1818.9,1844.87,3724400,0,1.0,0.0,0.0,0.0,1844.87,0.0
AMZN,2019-Apr-16,1851.35,1869.77,1848,1863.04,3044600,0,1.0,0.0,0.0,0.0,1863.04,0.0
AMZN,2019-Apr-17,1872.99,1876.47,1860.44,1864.82,2893500,0,1.0,0.0,0.0,0.0,1864.82,0.0
AMZN,2019-Apr-18,1868.79,1870.82,1859.48,1861.69,2749900,0,1.0,0.0,0.0,0.0,1861.69,0.0
AMZN,2019-Apr-22,1855.4,1888.42,1845.64,1887.31,3373800,0,1.0,0.0,0.0,0.0,1887.31,0.0
AMZN,2019-Apr-23,1891.2,1929.26,1889.58,1923.77,4640400,0,1.0,0.0,0.0,0.0,1923.77,0.0
AMZN,2019-Apr-24,1925,1929.69,1898.16,1901.75,3675800,0,1.0,0.0,0.0,0.0,1901.75,0.0
AMZN,2019-Apr-25,1917,1922.45,1900.31,1902.25,6099100,0,1.0,0.0,0.0,0.0,1902.25,0.0
AMZN,2019-Apr-26,1929,1951,1898,1950.63,8432600,0,1.0,0.0,0.0,0.0,1950.63,0.0
AMZN,2019-Apr-29,1949,1956.34,1934.09,1938.43,4021300,0,1.0,0.0,0.0,0.0,1938.43,0.0
AMZN,2019-Apr-30,1930.1,1935.71,1906.95,1926.52,3506000,0,1.0,0.0,0.0,0.0,1926.52,0.0
AMZN,2019-May-01,1933.09,1943.64,1910.55,1911.52,3117000,0,1.0,0.0,0.0,0.0,1911.52,0.0
AMZN,2019-May-02,1913.33,1921.55,1881.87,1900.82,3962900,0,1.0,0.0,0.0,0.0,1900.82,0.0
AMZN,2019-May-03,1949,1964.4,1936,1962.46,6381600,0,1.0,0.0,0.0,0.0,1962.46,0.0
AMZN,2019-May-06,1917.98,1959,1910.5,1950.55,5417800,0,1.0,0.0,0.0,0.0,1950.55,0.0
AMZN,2019-May-07,1939.99,1949.1,1903.38,1921,5902100,0,1.0,0.0,0.0,0.0,1921,0.0
AMZN,2019-May-08,1918.87,1935.37,1910,1917.77,4078600,0,1.0,0.0,0.0,0.0,1917.77,0.0
AMZN,2019-May-09,1900,1909.4,1876,1899.87,5308300,0,1.0,0.0,0.0,0.0,1899.87,0.0
AMZN,2019-May-10,1898,1903.79,1856,1889.98,5718000,0,1.0,0.0,0.0,0.0,1889.98,0.0
AMZN,2019-May-13,1836.56,1846.54,1818,1822.68,5783400,0,1.0,0.0,0.0,0.0,1822.68,0.0
AMZN,2019-May-14,1839.5,1852.44,1815.75,1840.12,4629100,0,1.0,0.0,0.0,0.0,1840.12,0.0
AMZN,2019-May-15,1827.95,1874.43,1823,1871.15,4692600,0,1.0,0.0,0.0,0.0,1871.15,0.0
AMZN,2019-May-16,1885.94,1917.51,1882.29,1907.57,4707800,0,1.0,0.0,0.0,0.0,1907.57,0.0
AMZN,2019-May-17,1893.05,1910.53,1867.33,1869,4736600,0,1.0,0.0,0.0,0.0,1869,0.0
AMZN,2019-May-20,1852.69,1867.78,1835.54,1858.97,3798200,0,1.0,0.0,0.0,0.0,1858.97,0.0
AMZN,2019-May-21,1874.79,1879,1846,1857.52,4005100,0,1.0,0.0,0.0,0.0,1857.52,0.0
AMZN,2019-May-22,1851.78,1871.49,1851,1859.68,2936600,0,1.0,0.0,0.0,0.0,1859.68,0.0
AMZN,2019-May-23,1836.59,1844,1804.2,1815.48,4424300,0,1.0,0.0,0.0,0.0,1815.48,0.0
AMZN,2019-May-24,1835.89,1841.76,1817.85,1823.28,3369700,0,1.0,0.0,0.0,0.0,1823.28,0.0
AMZN,2019-May-28,1832.75,1849.27,1827.35,1836.43,3200000,0,1.0,0.0,0.0,0.0,1836.43,0.0
AMZN,2019-May-29,1823.12,1830,1807.53,1819.19,4279000,0,1.0,0.0,0.0,0.0,1819.19,0.0
AMZN,2019-May-30,1825.49,1829.47,1807.83,1816.32,3146900,0,1.0,0.0,0.0,0.0,1816.32,0.0
AMZN,2019-May-31,1790.01,1795.59,1772.7,1775.07,4618800,0,1.0,0.0,0.0,0.0,1775.07,0.0
AMZN,2019-Jun-03,1760.01,1766.29,1672,1692.69,9098700,0,1.0,0.0,0.0,0.0,1692.69,0.0
AMZN,2019-Jun-04,1699.24,1730.82,1680.89,1729.56,5679100,0,1.0,0.0,0.0,0.0,1729.56,0.0
AMZN,2019-Jun-05,1749.6,1752,1715.25,1738.5,4239800,0,1.0,0.0,0.0,0.0,1738.5,0.0
AMZN,2019-Jun-06,1737.71,1760,1726.13,1754.36,3689300,0,1.0,0.0,0.0,0.0,1754.36,0.0
AMZN,2019-Jun-07,1763.7,1806.25,1759.49,1804.03,4808200,0,1.0,0.0,0.0,0.0,1804.03,0.0
AMZN,2019-Jun-10,1822,1884.87,1818,1860.63,5371000,0,1.0,0.0,0.0,0.0,1860.63,0.0
AMZN,2019-Jun-11,1883.25,1893.7,1858,1863.7,4042700,0,1.0,0.0,0.0,0.0,1863.7,0.0
AMZN,2019-Jun-12,1853.98,1865,1844.38,1855.32,2674500,0,1.0,0.0,0.0,0.0,1855.32,0.0
AMZN,2019-Jun-13,1866.72,1883.09,1862.22,1870.3,2795800,0,1.0,0.0,0.0,0.0,1870.3,0.0
AMZN,2019-Jun-14,1864,1876,1859,1869.67,2851200,0,1.0,0.0,0.0,0.0,1869.67,0.0
AMZN,2019-Jun-17,1876.5,1895.69,1875.45,1886.03,2634300,0,1.0,0.0,0.0,0.0,1886.03,0.0
AMZN,2019-Jun-18,1901.35,1921.67,1899.79,1901.37,3895700,0,1.0,0.0,0.0,0.0,1901.37,0.0
AMZN,2019-Jun-19,1907.84,1919.58,1892.47,1908.79,2895300,0,1.0,0.0,0.0,0.0,1908.79,0.0
AMZN,2019-Jun-20,1933.33,1935.2,1905.8,1918.19,3217200,0,1.0,0.0,0.0,0.0,1918.19,0.0
AMZN,2019-Jun-21,1916.1,1925.95,1907.58,1911.3,3933600,0,1.0,0.0,0.0,0.0,1911.3,0.0
AMZN,2019-Jun-24,1912.66,1916.86,1901.3,1913.9,2283000,0,1.0,0.0,0.0,0.0,1913.9,0.0
AMZN,2019-Jun-25,1911.84,1916.39,1872.42,1878.27,3012300,0,1.0,0.0,0.0,0.0,1878.27,0.0
AMZN,2019-Jun-26,1892.48,1903.8,1887.32,1897.83,2441900,0,1.0,0.0,0.0,0.0,1897.83,0.0
AMZN,2019-Jun-27,1902,1911.24,1898.04,1904.28,2141700,0,1.0,0.0,0.0,0.0,1904.28,0.0
AMZN,2019-Jun-28,1909.1,1912.94,1884,1893.63,3037400,0,1.0,0.0,0.0,0.0,1893.63,0.0
AMZN,2019-Jul-01,1922.98,1929.82,1914.66,1922.19,3203300,0,1.0,0.0,0.0,0.0,1922.19,0.0
AMZN,2019-Jul-02,1919.38,1934.79,1906.63,1934.31,2645900,0,1.0,0.0,0.0,0.0,1934.31,0.0
AMZN,2019-Jul-03,1935.89,1941.59,1930.5,1939,1690300,0,1.0,0.0,0.0,0.0,1939,0.0
AMZN,2019-Jul-05,1928.6,1945.9,1925.3,1942.91,2628400,0,1.0,0.0,0.0,0.0,1942.91,0.0
AMZN,2019-Jul-08,1934.12,1956,1928.25,1952.32,2883400,0,1.0,0.0,0.0,0.0,1952.32,0.0
AMZN,2019-Jul-09,1947.8,1990.01,1943.48,1988.3,4345700,0,1.0,0.0,0.0,0.0,1988.3,0.0
AMZN,2019-Jul-10,1996.51,2024.94,1995.4,2017.41,4931900,0,1.0,0.0,0.0,0.0,2017.41,0.0
AMZN,2019-Jul-11,2025.62,2035.8,1995.3,2001.07,4317800,0,1.0,0.0,0.0,0.0,2001.07,0.0
AMZN,2019-Jul-12,2008.27,2017,2003.87,2011,2509300,0,1.0,0.0,0.0,0.0,2011,0.0
AMZN,2019-Jul-15,2021.4,2022.9,2001.55,2020.99,2981300,0,1.0,0.0,0.0,0.0,2020.99,0.0
AMZN,2019-Jul-16,2010.58,2026.32,2001.22,2009.9,2618200,0,1.0,0.0,0.0,0.0,2009.9,0.0
AMZN,2019-Jul-17,2007.05,2012,1992.03,1992.03,2558800,0,1.0,0.0,0.0,0.0,1992.03,0.0
AMZN,2019-Jul-18,1980.01,1987.5,1951.55,1977.9,3504300,0,1.0,0.0,0.0,0.0,1977.9,0.0
AMZN,2019-Jul-19,1991.21,1996,1962.23,1964.52,3185600,0,1.0,0.0,0.0,0.0,1964.52,0.0
AMZN,2019-Jul-22,1971.14,1989,1958.26,1985.63,2900000,0,1.0,0.0,0.0,0.0,1985.63,0.0
AMZN,2019-Jul-23,1995.99,1997.79,1973.13,1994.49,2703500,0,1.0,0.0,0.0,0.0,1994.49,0.0
AMZN,2019-Jul-24,1969.3,2001.3,1965.87,2000.81,2631300,0,1.0,0.0,0.0,0.0,2000.81,0.0
AMZN,2019-Jul-25,2001,2001.2,1972.72,1973.82,4136500,0,1.0,0.0,0.0,0.0,1973.82,0.0
AMZN,2019-Jul-26,1942,1950.9,1924.51,1943.05,4927100,0,1.0,0.0,0.0,0.0,1943.05,0.0
AMZN,2019-Jul-29,1930,1932.23,1890.54,1912.45,4493200,0,1.0,0.0,0.0,0.0,1912.45,0.0
AMZN,2019-Jul-30,1891.12,1909.89,1883.48,1898.53,2910900,0,1.0,0.0,0.0,0.0,1898.53,0.0
AMZN,2019-Jul-31,1898.11,1899.55,1849.44,1866.78,4470700,0,1.0,0.0,0.0,0.0,1866.78,0.0
AMZN,2019-Aug-01,1871.72,1897.92,1844.01,1855.32,4713300,0,1.0,0.0,0.0,0.0,1855.32,0.0
AMZN,2019-Aug-02,1845.07,1846.36,1808.02,1823.24,4956200,0,1.0,0.0,0.0,0.0,1823.24,0.0
AMZN,2019-Aug-05,1770.22,1788.67,1748.78,1765.13,6058200,0,1.0,0.0,0.0,0.0,1765.13,0.0
AMZN,2019-Aug-06,1792.23,1793.77,1753.4,1787.83,5070300,0,1.0,0.0,0.0,0.0,1787.83,0.0
AMZN,2019-Aug-07,1773.99,1798.93,1757,1793.4,4526900,0,1.0,0.0,0.0,0.0,1793.4,0.0
AMZN,2019-Aug-08,1806,1834.26,1798.11,1832.89,3701200,0,1.0,0.0,0.0,0.0,1832.89,0.0
AMZN,2019-Aug-09,1828.95,1831.09,1802.22,1807.58,2879800,0,1.0,0.0,0.0,0.0,1807.58,0.0
AMZN,2019-Aug-12,1795.99,1800.98,1777,1784.92,2905500,0,1.0,0.0,0.0,0.0,1784.92,0.0
AMZN,2019-Aug-13,1783,1831.74,1780,1824.34,3994000,0,1.0,0.0,0.0,0.0,1824.34,0.0
AMZN,2019-Aug-14,1793.01,1795.65,1757.22,1762.96,4893600,0,1.0,0.0,0.0,0.0,1762.96,0.0
AMZN,2019-Aug-15,1781.99,1788,1761.96,1776.12,3759100,0,1.0,0.0,0.0,0.0,1776.12,0.0
AMZN,2019-Aug-16,1792.89,1802.91,1784.55,1792.57,3018000,0,1.0,0.0,0.0,0.0,1792.57,0.0
AMZN,2019-Aug-19,1818.08,1826,1812.61,1816.12,2816300,0,1.0,0.0,0.0,0.0,1816.12,0.0
AMZN,2019-Aug-20,1814.5,1816.82,1799.88,1801.38,1929500,0,1.0,0.0,0.0,0.0,1801.38,0.0
AMZN,2019-Aug-21,1819.39,1829.58,1815,1823.54,2031800,0,1.0,0.0,0.0,0.0,1823.54,0.0
AMZN,2019-Aug-22,1828,1829.41,1800.1,1804.66,2653500,0,1.0,0.0,0.0,0.0,1804.66,0.0
AMZN,2019-Aug-23,1793.03,1804.9,1745.23,1749.62,5270800,0,1.0,0.0,0.0,0.0,1749.62,0.0
AMZN,2019-Aug-26,1766.91,1770,1743.51,1768.87,3080000,0,1.0,0.0,0.0,0.0,1768.87,0.0
AMZN,2019-Aug-27,1775.73,1779.4,1746.68,1761.83,3019700,0,1.0,0.0,0.0,0.0,1761.83,0.0
AMZN,2019-Aug-28,1755,1767.86,1744.05,1764.25,2419700,0,1.0,0.0,0.0,0.0,1764.25,0.0
AMZN,2019-Aug-29,1783,1798.55,1777.25,1786.4,3015100,0,1.0,0.0,0.0,0.0,1786.4,0.0
AMZN,2019-Aug-30,1797.49,1799.74,1764.57,1776.29,3058700,0,1.0,0.0,0.0,0.0,1776.29,0.0
AMZN,2019-Sep-03,1770,1800.8,1768,1789.84,3543000,0,1.0,0.0,0.0,0.0,1789.84,0.0
AMZN,2019-Sep-04,1805,1807.63,1796.23,1800.62,2324100,0,1.0,0.0,0.0,0.0,1800.62,0.0
AMZN,2019-Sep-05,1821.95,1842,1815.58,1840.72,3310800,0,1.0,0.0,0.0,0.0,1840.72,0.0
AMZN,2019-Sep-06,1838.22,1840.65,1826.4,1833.51,2496900,0,1.0,0.0,0.0,0.0,1833.51,0.0
AMZN,2019-Sep-09,1841,1850,1824.61,1831.35,2999500,0,1.0,0.0,0.0,0.0,1831.35,0.0
AMZN,2019-Sep-10,1822.75,1825.81,1805.34,1820.55,2613900,0,1.0,0.0,0.0,0.0,1820.55,0.0
AMZN,2019-Sep-11,1812.14,1833.42,1809.08,1822.99,2432800,0,1.0,0.0,0.0,0.0,1822.99,0.0
AMZN,2019-Sep-12,1837.63,1853.66,1834.28,1843.55,2823500,0,1.0,0.0,0.0,0.0,1843.55,0.0
AMZN,2019-Sep-13,1842.01,1846.12,1835.17,1839.34,1971300,0,1.0,0.0,0.0,0.0,1839.34,0.0
AMZN,2019-Sep-16,1824.02,1825.69,1800.2,1807.84,3675500,0,1.0,0.0,0.0,0.0,1807.84,0.0
AMZN,2019-Sep-17,1807.08,1823.99,1804.1,1822.55,1982400,0,1.0,0.0,0.0,0.0,1822.55,0.0
AMZN,2019-Sep-18,1817.04,1822.06,1795.5,1817.46,2505600,0,1.0,0.0,0.0,0.0,1817.46,0.0
AMZN,2019-Sep-19,1821.02,1832.57,1817.9,1821.5,2031500,0,1.0,0.0,0.0,0.0,1821.5,0.0
AMZN,2019-Sep-20,1821.71,1830.63,1780.92,1794.16,5341900,0,1.0,0.0,0.0,0.0,1794.16,0.0
AMZN,2019-Sep-23,1777,1792.7,1767.32,1785.3,2922300,0,1.0,0.0,0.0,0.0,1785.3,0.0
AMZN,2019-Sep-24,1790.61,1795.71,1735.55,1741.61,4616000,0,1.0,0.0,0.0,0.0,1741.61,0.0
AMZN,2019-Sep-25,1747.36,1773,1723,1768.33,3493200,0,1.0,0.0,0.0,0.0,1768.33,0.0
AMZN,2019-Sep-26,1762.79,1763.37,1731.5,1739.84,3536800,0,1.0,0.0,0.0,0.0,1739.84,0.0
AMZN,2019-Sep-27,1748,1749.12,1713.82,1725.45,3907200,0,1.0,0.0,0.0,0.0,1725.45,0.0
AMZN,2019-Sep-30,1726.99,1737.46,1709.22,1735.91,2644700,0,1.0,0.0,0.0,0.0,1735.91,0.0
AMZN,2019-Oct-01,1746,1755.6,1728.41,1735.65,3084500,0,1.0,0.0,0.0,0.0,1735.65,0.0
AMZN,2019-Oct-02,1727.74,1728.89,1705,1713.23,3301100,0,1.0,0.0,0.0,0.0,1713.23,0.0
AMZN,2019-Oct-03,1713,1725,1685.06,1724.42,3468200,0,1.0,0.0,0.0,0.0,1724.42,0.0
AMZN,2019-Oct-04,1726.02,1740.58,1719.23,1739.65,2471900,0,1.0,0.0,0.0,0.0,1739.65,0.0
AMZN,2019-Oct-07,1731.63,1747.83,1723.7,1732.66,2154700,0,1.0,0.0,0.0,0.0,1732.66,0.0
AMZN,2019-Oct-08,1722.49,1727,1705,1705.51,2542000,0,1.0,0.0,0.0,0.0,1705.51,0.0
AMZN,2019-Oct-09,1719.61,1729.95,1714.36,1721.99,2043500,0,1.0,0.0,0.0,0.0,1721.99,0.0
AMZN,2019-Oct-10,1725.24,1738.29,1713.75,1720.26,2575200,0,1.0,0.0,0.0,0.0,1720.26,0.0
AMZN,2019-Oct-11,1742.92,1745.45,1729.86,1731.92,3255000,0,1.0,0.0,0.0,0.0,1731.92,0.0
AMZN,2019-Oct-14,1728.91,1741.89,1722,1736.43,1910200,0,1.0,0.0,0.0,0.0,1736.43,0.0
AMZN,2019-Oct-15,1742.14,1776.45,1740.62,1767.38,3111700,0,1.0,0.0,0.0,0.0,1767.38,0.0
AMZN,2019-Oct-16,1773.33,1786.24,1770.52,1777.43,2763400,0,1.0,0.0,0.0,0.0,1777.43,0.0
AMZN,2019-Oct-17,1796.49,1798.85,1782.02,1787.48,2647400,0,1.0,0.0,0.0,0.0,1787.48,0.0
AMZN,2019-Oct-18,1787.8,1793.98,1749.2,1757.51,3362500,0,1.0,0.0,0.0,0.0,1757.51,0.0
AMZN,2019-Oct-21,1769.66,1785.88,1765,1785.66,2130400,0,1.0,0.0,0.0,0.0,1785.66,0.0
AMZN,2019-Oct-22,1788.15,1789.78,1762,1765.73,2111700,0,1.0,0.0,0.0,0.0,1765.73,0.0
AMZN,2019-Oct-23,1761.3,1770.05,1742,1762.17,2138200,0,1.0,0.0,0.0,0.0,1762.17,0.0
AMZN,2019-Oct-24,1771.09,1788.34,1760.27,1780.78,4446100,0,1.0,0.0,0.0,0.0,1780.78,0.0
AMZN,2019-Oct-25,1697.55,1764.21,1695,1761.33,9626400,0,1.0,0.0,0.0,0.0,1761.33,0.0
AMZN,2019-Oct-28,1748.06,1778.7,1742.5,1777.08,3708900,0,1.0,0.0,0.0,0.0,1777.08,0.0
AMZN,2019-Oct-29,1774.81,1777,1755.81,1762.71,2276900,0,1.0,0.0,0.0,0.0,1762.71,0.0
AMZN,2019-Oct-30,1760.24,1782.38,1759.12,1779.99,2449400,0,1.0,0.0,0.0,0.0,1779.99,0.0
AMZN,2019-Oct-31,1775.99,1792,1771.48,1776.66,2781200,0,1.0,0.0,0.0,0.0,1776.66,0.0
AMZN,2019-Nov-01,1788.01,1797.45,1785.21,1791.44,2790400,0,1.0,0.0,0.0,0.0,1791.44,0.0
AMZN,2019-Nov-04,1801.01,1815.06,1801.01,1804.66,2771900,0,1.0,0.0,0.0,0.0,1804.66,0.0
AMZN,2019-Nov-05,1809.16,1810.25,1794,1801.71,1885500,0,1.0,0.0,0.0,0.0,1801.71,0.0
AMZN,2019-Nov-06,1801,1802.5,1788.58,1795.77,2029800,0,1.0,0.0,0.0,0.0,1795.77,0.0
AMZN,2019-Nov-07,1803.76,1805.9,1783.48,1788.2,2651100,0,1.0,0.0,0.0,0.0,1788.2,0.0
AMZN,2019-Nov-08,1787.89,1789.88,1774.04,1785.88,2123300,0,1.0,0.0,0.0,0.0,1785.88,0.0
AMZN,2019-Nov-11,1778,1780,1767.13,1771.65,1946000,0,1.0,0.0,0.0,0.0,1771.65,0.0
AMZN,2019-Nov-12,1774.66,1786.22,1771.91,1778,2037600,0,1.0,0.0,0.0,0.0,1778,0.0
AMZN,2019-Nov-13,1773.39,1775,1747.32,1753.11,2989500,0,1.0,0.0,0.0,0.0,1753.11,0.0
AMZN,2019-Nov-14,1751.43,1766.59,1749.56,1754.6,2264800,0,1.0,0.0,0.0,0.0,1754.6,0.0
AMZN,2019-Nov-15,1760.05,1761.68,1732.86,1739.49,3927600,0,1.0,0.0,0.0,0.0,1739.49,0.0
AMZN,2019-Nov-18,1738.3,1753.7,1722.71,1752.53,2839500,0,1.0,0.0,0.0,0.0,1752.53,0.0
AMZN,2019-Nov-19,1756.99,1760.68,1743.03,1752.79,2270800,0,1.0,0.0,0.0,0.0,1752.79,0.0
AMZN,2019-Nov-20,1749.14,1762.52,1734.12,1745.53,2790000,0,1.0,0.0,0.0,0.0,1745.53,0.0
AMZN,2019-Nov-21,1743,1746.87,1730.36,1734.71,2662900,0,1.0,0.0,0.0,0.0,1734.71,0.0
AMZN,2019-Nov-22,1739.02,1746.43,1731,1745.72,2479100,0,1.0,0.0,0.0,0.0,1745.72,0.0
AMZN,2019-Nov-25,1753.25,1777.42,1753.24,1773.84,3486200,0,1.0,0.0,0.0,0.0,1773.84,0.0
AMZN,2019-Nov-26,1779.92,1797.03,1778.35,1796.94,3181200,0,1.0,0.0,0.0,0.0,1796.94,0.0
AMZN,2019-Nov-27,1801,1824.5,1797.31,1818.51,3025600,0,1.0,0.0,0.0,0.0,1818.51,0.0
AMZN,2019-Nov-29,1817.78,1824.69,1800.79,1800.8,1923400,0,1.0,0.0,0.0,0.0,1800.8,0.0
AMZN,2019-Dec-02,1804.4,1805.55,1762.68,1781.6,3925600,0,1.0,0.0,0.0,0.0,1781.6,0.0
AMZN,2019-Dec-03,1760,1772.87,1747.23,1769.96,3380900,0,1.0,0.0,0.0,0.0,1769.96,0.0
AMZN,2019-Dec-04,1774.01,1789.09,1760.22,1760.69,2670100,0,1.0,0.0,0.0,0.0,1760.69,0.0
AMZN,2019-Dec-05,1763.5,1763.5,1740,1740.48,2823800,0,1.0,0.0,0.0,0.0,1740.48,0.0
AMZN,2019-Dec-06,1751.2,1754.4,1740.13,1751.6,3117400,0,1.0,0.0,0.0,0.0,1751.6,0.0
AMZN,2019-Dec-09,1750.66,1766.89,1745.61,1749.51,2442800,0,1.0,0.0,0.0,0.0,1749.51,0.0
AMZN,2019-Dec-10,1747.4,1750.67,1735,1739.21,2514300,0,1.0,0.0,0.0,0.0,1739.21,0.0
AMZN,2019-Dec-11,1741.67,1750,1735.71,1748.72,2097600,0,1.0,0.0,0.0,0.0,1748.72,0.0
AMZN,2019-Dec-12,1750,1764,1745.44,1760.33,3095900,0,1.0,0.0,0.0,0.0,1760.33,0.0
AMZN,2019-Dec-13,1765,1768.99,1755,1760.94,2745700,0,1.0,0.0,0.0,0.0,1760.94,0.0
AMZN,2019-Dec-16,1767,1769.5,1757.05,1769.21,3145200,0,1.0,0.0,0.0,0.0,1769.21,0.0
AMZN,2019-Dec-17,1778.01,1792,1777.39,1790.66,3644400,0,1.0,0.0,0.0,0.0,1790.66,0.0
AMZN,2019-Dec-18,1795.02,1798.2,1782.36,1784.03,3351400,0,1.0,0.0,0.0,0.0,1784.03,0.0
AMZN,2019-Dec-19,1780.5,1792.99,1774.06,1792.28,2652800,0,1.0,0.0,0.0,0.0,1792.28,0.0
AMZN,2019-Dec-20,1799.62,1802.97,1782.45,1786.5,5150800,0,1.0,0.0,0.0,0.0,1786.5,0.0
AMZN,2019-Dec-23,1788.26,1793,1784.51,1793,2136400,0,1.0,0.0,0.0,0.0,1793,0.0
AMZN,2019-Dec-24,1793.81,1795.57,1787.58,1789.21,881300,0,1.0,0.0,0.0,0.0,1789.21,0.0
AMZN,2019-Dec-26,1801.01,1870.46,1799.5,1868.77,6005400,0,1.0,0.0,0.0,0.0,1868.77,0.0
AMZN,2019-Dec-27,1882.92,1901.4,1866.01,1869.8,6186600,0,1.0,0.0,0.0,0.0,1869.8,0.0
AMZN,2019-Dec-30,1874,1884,1840.62,1846.89,3674700,0,1.0,0.0,0.0,0.0,1846.89,0.0
AMZN,2019-Dec-31,1842,1853.26,1832.23,1847.84,2506500,0,1.0,0.0,0.0,0.0,1847.84,0.0
AMZN,2020-Jan-02,1875,1898.01,1864.15,1898.01,4029000,0,1.0,0.0,0.0,0.0,1898.01,0.0
AMZN,2020-Jan-03,1864.5,1886.2,1864.5,1874.97,3764400,0,1.0,0.0,0.0,0.0,1874.97,0.0
AMZN,2020-Jan-06,1860,1903.69,1860,1902.88,4061800,0,1.0,0.0,0.0,0.0,1902.88,0.0
AMZN,2020-Jan-07,1904.5,1913.89,1892.04,1906.86,4044900,0,1.0,0.0,0.0,0.0,1906.86,0.0
AMZN,2020-Jan-08,1898.04,1911,1886.44,1891.97,3508000,0,1.0,0.0,0.0,0.0,1891.97,0.0
AMZN,2020-Jan-09,1909.89,1917.82,1895.8,1901.05,3167300,0,1.0,0.0,0.0,0.0,1901.05,0.0
AMZN,2020-Jan-10,1905.37,1906.94,1880,1883.16,2853700,0,1.0,0.0,0.0,0.0,1883.16,0.0
AMZN,2020-Jan-13,1891.31,1898,1880.8,1891.3,2780800,0,1.0,0.0,0.0,0.0,1891.3,0.0
AMZN,2020-Jan-14,1885.88,1887.11,1858.55,1869.44,3440900,0,1.0,0.0,0.0,0.0,1869.44,0.0
AMZN,2020-Jan-15,1872.25,1878.86,1855.09,1862.02,2896600,0,1.0,0.0,0.0,0.0,1862.02,0.0
AMZN,2020-Jan-16,1882.99,1885.59,1866.02,1877.94,2659500,0,1.0,0.0,0.0,0.0,1877.94,0.0
AMZN,2020-Jan-17,1885.89,1886.64,1857.25,1864.72,3997300,0,1.0,0.0,0.0,0.0,1864.72,0.0
AMZN,2020-Jan-21,1865,1894.27,1860,1892,3707800,0,1.0,0.0,0.0,0.0,1892,0.0
AMZN,2020-Jan-22,1896.09,1902.5,1883.34,1887.46,3216300,0,1.0,0.0,0.0,0.0,1887.46,0.0
AMZN,2020-Jan-23,1885.11,1889.98,1872.76,1884.58,2484600,0,1.0,0.0,0.0,0.0,1884.58,0.0
AMZN,2020-Jan-24,1891.37,1894.99,1847.44,1861.64,3766200,0,1.0,0.0,0.0,0.0,1861.64,0.0
AMZN,2020-Jan-27,1820,1841,1815.34,1828.34,3528500,0,1.0,0.0,0.0,0.0,1828.34,0.0
AMZN,2020-Jan-28,1840.5,1858.11,1830.02,1853.25,2808000,0,1.0,0.0,0.0,0.0,1853.25,0.0
AMZN,2020-Jan-29,1864,1874.75,1855.02,1858,2088000,0,1.0,0.0,0.0,0.0,1858,0.0
AMZN,2020-Jan-30,1858,1872.87,1850.61,1870.68,6327400,0,1.0,0.0,0.0,0.0,1870.68,0.0
AMZN,2020-Jan-31,2051.47,2055.72,2002.27,2008.72,15567300,0,1.0,0.0,0.0,0.0,2008.72,0.0
AMZN,2020-Feb-03,2010.6,2048.5,2000.25,2004.2,5899100,0,1.0,0.0,0.0,0.0,2004.2,0.0
AMZN,2020-Feb-04,2029.88,2059.8,2015.37,2049.67,5289300,0,1.0,0.0,0.0,0.0,2049.67,0.0
AMZN,2020-Feb-05,2071.02,2071.02,2032,2039.87,4376200,0,1.0,0.0,0.0,0.0,2039.87,0.0
AMZN,2020-Feb-06,2041.02,2056.3,2024.8,2050.23,3183000,0,1.0,0.0,0.0,0.0,2050.23,0.0
AMZN,2020-Feb-07,2041.99,2098.53,2038.1,2079.28,5095300,0,1.0,0.0,0.0,0.0,2079.28,0.0
AMZN,2020-Feb-10,2085.01,2135.6,2084.96,2133.91,5056200,0,1.0,0.0,0.0,0.0,2133.91,0.0
AMZN,2020-Feb-11,2150.9,2185.95,2136,2150.8,5746000,0,1.0,0.0,0.0,0.0,2150.8,0.0
AMZN,2020-Feb-12,2163.2,2180.25,2155.29,2160,3334300,0,1.0,0.0,0.0,0.0,2160,0.0
AMZN,2020-Feb-13,2144.99,2170.28,2142,2149.87,3031800,0,1.0,0.0,0.0,0.0,2149.87,0.0
AMZN,2020-Feb-14,2155.68,2159.04,2125.89,2134.87,2606200,0,1.0,0.0,0.0,0.0,2134.87,0.0
AMZN,2020-Feb-18,2125.02,2166.07,2124.11,2155.67,2945600,0,1.0,0.0,0.0,0.0,2155.67,0.0
AMZN,2020-Feb-19,2167.8,2185.1,2161.12,2170.22,2561200,0,1.0,0.0,0.0,0.0,2170.22,0.0
AMZN,2020-Feb-20,2173.07,2176.79,2127.45,2153.1,3131300,0,1.0,0.0,0.0,0.0,2153.1,0.0
AMZN,2020-Feb-21,2142.15,2144.55,2088,2095.97,4646300,0,1.0,0.0,0.0,0.0,2095.97,0.0
AMZN,2020-Feb-24,2003.18,2039.3,1987.97,2009.29,6547000,0,1.0,0.0,0.0,0.0,2009.29,0.0
AMZN,2020-Feb-25,2026.42,2034.6,1958.42,1972.74,6219100,0,1.0,0.0,0.0,0.0,1972.74,0.0
AMZN,2020-Feb-26,1970.28,2014.67,1960.45,1979.59,5224600,0,1.0,0.0,0.0,0.0,1979.59,0.0
AMZN,2020-Feb-27,1934.38,1975,1882.76,1884.3,8144000,0,1.0,0.0,0.0,0.0,1884.3,0.0
AMZN,2020-Feb-28,1814.63,1889.76,1811.13,1883.75,9493800,0,1.0,0.0,0.0,0.0,1883.75,0.0
AMZN,2020-Mar-02,1906.49,1954.51,1870,1953.95,6761700,0,1.0,0.0,0.0,0.0,1953.95,0.0
AMZN,2020-Mar-03,1975.37,1996.33,1888.09,1908.99,7534500,0,1.0,0.0,0.0,0.0,1908.99,0.0
AMZN,2020-Mar-04,1946.57,1978,1922,1975.83,4772900,0,1.0,0.0,0.0,0.0,1975.83,0.0
AMZN,2020-Mar-05,1933,1960.72,1910,1924.03,4748200,0,1.0,0.0,0.0,0.0,1924.03,0.0
AMZN,2020-Mar-06,1875,1910.87,1869.5,1901.09,5273600,0,1.0,0.0,0.0,0.0,1901.09,0.0
AMZN,2020-Mar-09,1773.86,1862.77,1761.29,1800.61,7813200,0,1.0,0.0,0.0,0.0,1800.61,0.0
AMZN,2020-Mar-10,1870.88,1894.27,1818.17,1891.82,7133300,0,1.0,0.0,0.0,0.0,1891.82,0.0
AMZN,2020-Mar-11,1857.85,1871.32,1801.5,1820.86,5624800,0,1.0,0.0,0.0,0.0,1820.86,0.0
AMZN,2020-Mar-12,1721.98,1765,1675,1676.61,11346200,0,1.0,0.0,0.0,0.0,1676.61,0.0
AMZN,2020-Mar-13,1755,1786.31,1680.62,1785,8809700,0,1.0,0.0,0.0,0.0,1785,0.0
AMZN,2020-Mar-16,1641.51,1759.45,1626.03,1689.15,8917300,0,1.0,0.0,0.0,0.0,1689.15,0.0
AMZN,2020-Mar-17,1775.47,1857.78,1689.24,1807.84,10917100,0,1.0,0.0,0.0,0.0,1807.84,0.0
AMZN,2020-Mar-18,1750,1841.66,1745,1830,9645200,0,1.0,0.0,0.0,0.0,1830,0.0
AMZN,2020-Mar-19,1860,1945,1832.65,1880.93,10399900,0,1.0,0.0,0.0,0.0,1880.93,0.0
AMZN,2020-Mar-20,1926.31,1957,1820.73,1846.09,9817900,0,1.0,0.0,0.0,0.0,1846.09,0.0
AMZN,2020-Mar-23,1827.75,1919.4,1812,1902.83,7808500,0,1.0,0.0,0.0,0.0,1902.83,0.0
AMZN,2020-Mar-24,1951.5,1955,1900.34,1940.1,7147100,0,1.0,0.0,0.0,0.0,1940.1,0.0
AMZN,2020-Mar-25,1920.69,1950.26,1885.78,1885.84,6479100,0,1.0,0.0,0.0,0.0,1885.84,0.0
AMZN,2020-Mar-26,1902,1956.49,1889.29,1955.49,6221300,0,1.0,0.0,0.0,0.0,1955.49,0.0
AMZN,2020-Mar-27,1930.86,1939.79,1899.92,1900.1,5387900,0,1.0,0.0,0.0,0.0,1900.1,0.0
AMZN,2020-Mar-30,1922.83,1973.63,1912.34,1963.95,6126100,0,1.0,0.0,0.0,0.0,1963.95,0.0
AMZN,2020-Mar-31,1964.35,1993.02,1944.01,1949.72,5123600,0,1.0,0.0,0.0,0.0,1949.72,0.0
AMZN,2020-Apr-01,1932.97,1944.96,1893,1907.7,4121900,0,1.0,0.0,0.0,0.0,1907.7,0.0
AMZN,2020-Apr-02,1901.64,1927.53,1890,1918.83,4336000,0,1.0,0.0,0.0,0.0,1918.83,0.0
AMZN,2020-Apr-03,1911.15,1926.33,1889.15,1906.59,3609900,0,1.0,0.0,0.0,0.0,1906.59,0.0
AMZN,2020-Apr-06,1936,1998.52,1930.02,1997.59,5773200,0,1.0,0.0,0.0,0.0,1997.59,0.0
AMZN,2020-Apr-07,2017.11,2035.72,1997.62,2011.6,5114000,0,1.0,0.0,0.0,0.0,2011.6,0.0
AMZN,2020-Apr-08,2021,2044,2011.15,2043,3977300,0,1.0,0.0,0.0,0.0,2043,0.0
AMZN,2020-Apr-09,2044.3,2053,2017.66,2042.76,4655600,0,1.0,0.0,0.0,0.0,2042.76,0.0
AMZN,2020-Apr-13,2040,2180,2038,2168.87,6716700,0,1.0,0.0,0.0,0.0,2168.87,0.0
AMZN,2020-Apr-14,2200.47,2292,2186.21,2283.32,8087200,0,1.0,0.0,0.0,0.0,2283.32,0.0
AMZN,2020-Apr-15,2257.68,2333.37,2245,2307.68,6866600,0,1.0,0.0,0.0,0.0,2307.68,0.0
AMZN,2020-Apr-16,2346,2461,2335,2408.19,12038200,0,1.0,0.0,0.0,0.0,2408.19,0.0
AMZN,2020-Apr-17,2372.33,2400,2316.02,2375,7930000,0,1.0,0.0,0.0,0.0,2375,0.0
AMZN,2020-Apr-20,2389.95,2444.98,2386.05,2393.61,5770700,0,1.0,0.0,0.0,0.0,2393.61,0.0
AMZN,2020-Apr-21,2416.61,2428.31,2279.66,2328.12,7476700,0,1.0,0.0,0.0,0.0,2328.12,0.0
AMZN,2020-Apr-22,2369,2394,2351,2363.49,4218300,0,1.0,0.0,0.0,0.0,2363.49,0.0
AMZN,2020-Apr-23,2399.98,2424.22,2382.08,2399.45,5066600,0,1.0,0.0,0.0,0.0,2399.45,0.0
AMZN,2020-Apr-24,2417,2420.43,2382,2410.22,3831800,0,1.0,0.0,0.0,0.0,2410.22,0.0
AMZN,2020-Apr-27,2443.2,2444.88,2363,2376,5645600,0,1.0,0.0,0.0,0.0,2376,0.0
AMZN,2020-Apr-28,2372.1,2373.5,2306,2314.08,5269400,0,1.0,0.0,0.0,0.0,2314.08,0.0
AMZN,2020-Apr-29,2330.01,2391.89,2310,2372.71,4591600,0,1.0,0.0,0.0,0.0,2372.71,0.0
AMZN,2020-Apr-30,2419.84,2475,2396.01,2474,9534600,0,1.0,0.0,0.0,0.0,2474,0.0
AMZN,2020-May-01,2336.8,2362.44,2258.19,2286.04,9772600,0,1.0,0.0,0.0,0.0,2286.04,0.0
AMZN,2020-May-04,2256.38,2326.98,2256.38,2315.99,4865900,0,1.0,0.0,0.0,0.0,2315.99,0.0
AMZN,2020-May-05,2340,2351,2307.13,2317.8,3242500,0,1.0,0.0,0.0,0.0,2317.8,0.0
AMZN,2020-May-06,2329.44,2357.45,2320,2351.26,3117800,0,1.0,0.0,0.0,0.0,2351.26,0.0
AMZN,2020-May-07,2374.78,2376,2343.11,2367.61,3396400,0,1.0,0.0,0.0,0.0,2367.61,0.0
AMZN,2020-May-08,2372.14,2387.24,2357,2379.61,3211200,0,1.0,0.0,0.0,0.0,2379.61,0.0
AMZN,2020-May-11,2374.7,2419.67,2372.11,2409,3259200,0,1.0,0.0,0.0,0.0,2409,0.0
AMZN,2020-May-12,2411.85,2419,2355,2356.95,3074900,0,1.0,0.0,0.0,0.0,2356.95,0.0
AMZN,2020-May-13,2366.8,2407.7,2337.8,2367.92,4782900,0,1.0,0.0,0.0,0.0,2367.92,0.0
AMZN,2020-May-14,2361.01,2391.37,2353.21,2388.85,3648100,0,1.0,0.0,0.0,0.0,2388.85,0.0
AMZN,2020-May-15,2368.52,2411,2356.37,2409.78,4235000,0,1.0,0.0,0.0,0.0,2409.78,0.0
AMZN,2020-May-18,2404.35,2433,2384.01,2426.26,4366600,0,1.0,0.0,0.0,0.0,2426.26,0.0
AMZN,2020-May-19,2429.83,2485,2428.97,2449.33,4320500,0,1.0,0.0,0.0,0.0,2449.33,0.0
AMZN,2020-May-20,2477.87,2500.01,2467.27,2497.94,3998100,0,1.0,0.0,0.0,0.0,2497.94,0.0
AMZN,2020-May-21,2500,2525.45,2442.54,2446.74,5114400,0,1.0,0.0,0.0,0.0,2446.74,0.0
AMZN,2020-May-22,2455.01,2469.85,2430.13,2436.88,2867100,0,1.0,0.0,0.0,0.0,2436.88,0.0
AMZN,2020-May-26,2458,2462,2414.06,2421.86,3568200,0,1.0,0.0,0.0,0.0,2421.86,0.0
AMZN,2020-May-27,2404.99,2413.58,2330,2410.39,5056900,0,1.0,0.0,0.0,0.0,2410.39,0.0
AMZN,2020-May-28,2384.33,2436.97,2378.23,2401.1,3190200,0,1.0,0.0,0.0,0.0,2401.1,0.0
AMZN,2020-May-29,2415.94,2442.37,2398.2,2442.37,3529300,0,1.0,0.0,0.0,0.0,2442.37,0.0
AMZN,2020-Jun-01,2448,2476.93,2444.17,2471.04,2928900,0,1.0,0.0,0.0,0.0,2471.04,0.0
AMZN,2020-Jun-02,2467,2473.53,2445.31,2472.41,2529900,0,1.0,0.0,0.0,0.0,2472.41,0.0
AMZN,2020-Jun-03,2468.01,2488,2461.17,2478.4,2671000,0,1.0,0.0,0.0,0.0,2478.4,0.0
AMZN,2020-Jun-04,2477.43,2507.54,2450.01,2460.6,2948700,0,1.0,0.0,0.0,0.0,2460.6,0.0
AMZN,2020-Jun-05,2444.51,2488.65,2437.13,2483,3306400,0,1.0,0.0,0.0,0.0,2483,0.0
AMZN,2020-Jun-08,2500.2,2530,2487.34,2524.06,3970700,0,1.0,0.0,0.0,0.0,2524.06,0.0
AMZN,2020-Jun-09,2529.44,2626.43,2525,2600.86,5176000,0,1.0,0.0,0.0,0.0,2600.86,0.0
